ID,Article Title,Review Score,Source Title,Publication Year,Study Area,Q1,Q2,Q3,Q4,Q5,Q6,Q7,Figure_1,Latitude,Longitude,Elevation,Observed attribute 1,Value of observed attribute 1,Observation year(s) attribute 1,Observed attribute 2,Value of observed attribute 2,Observation year(s) attribute 2,Observed attribute 3,Value of observed attribute 3,Observation year(s) attribute 3,Observed attribute 4,Value of observed attribute 4,Observation year(s) attribute 4,Observed attribute 5,Value of observed attribute 5,Observation year(s) attribute 5,Observed attribute 6,Value of observed attribute 6,Observation year(s) attribute 6,Physical changes,Ecosystems,Human systems,Special remarks 1,Special remarks 2,REGIONAL (NO SPECIFIC FIELD SITE),Elevation SINGLE,Elevation MIN,Elevation MAX,LAT1,LON1,ELEV1,LAT2,LON2,ELEV2,LAT3,LON3,ELEV3,LAT4,LON4,ELEV4,LAT5,LON5,ELEV5,LAT6,LON6,ELEV6,LAT7,LON7,ELEV7,LAT8,LON8,ELEV8,LAT9,LON9,ELEV9,LAT10,LON10,ELEV10,LAT11,LON11,ELEV11,LAT12,LON12,ELEV12,LAT13,LON13,ELEV13,LAT14,LON14,ELEV14,LAT15,LON15,ELEV15,LAT16,LON16,ELEV16,LAT17,LON17,ELEV17,LAT18,LON18,ELEV18,LAT19,LON19,ELEV19,LAT20,LON20,ELEV20,LAT21,LON21,ELEV21,LAT22,LON22,ELEV22,LAT23,LON23,ELEV23,LAT24,LON24,ELEV24,LAT25,LON25,ELEV25,LAT26,LON26,ELEV26,LAT27,LON27,ELEV27,LAT28,LON28,ELEV28,LAT29,LON29,ELEV29,LAT30,LON30,ELEV30,LAT31,LON31,ELEV31,LAT32,LON32,ELEV32,,,
1,Hydrological Variability in the Arid Region of Northwest China from 2002 to 2013,1,ADVANCES IN METEOROLOGY,2018,Western China,a,a,a,b,c,f,c,,34°–50°N,73°–108°E,160-7906,,,,,,,,,,,,,,,,,,,,,,,,,,,,,,,,,,,,,,,,,,,,,,,,,,,,,,,,,,,,,,,,,,,,,,,,,,,,,,,,,,,,,,,,,,,,,,,,,,,,,,,,,,,,,,,,,,,,,,,,,,,,,,
2,Permafrost and drought regulate vulnerability of Tibetan Plateau grasslands to warming,1,ECOSPHERE,2018,QTP,a,a,c,b,c,f,c,,30°– 38° N,85°–105°E,NA,,,,,,,,,,,,,,,,,,,,,,,,,,,,,,,,,,,,,,,,,,,,,,,,,,,,,,,,,,,,,,,,,,,,,,,,,,,,,,,,,,,,,,,,,,,,,,,,,,,,,,,,,,,,,,,,,,,,,,,,,,,,,,
3,Recent changes in the active layer thickness across the northern hemisphere,1,ENVIRONMENTAL EARTH SCIENCES,2016,QTP,a,a,b,b,c,f,c,,26°– 84° N,,,,,,,,,,,,,,,,,,,,,,,,,,,,,,,,,,,,,,,,,,,,,,,,,,,,,,,,,,,,,,,,,,,,,,,,,,,,,,,,,,,,,,,,,,,,,,,,,,,,,,,,,,,,,,,,,,,,,,,,,,,,,,,,
4,Combination of SRTM3 and repeat ASTER data for deriving alpine glacier flow velocities in the Bhutan Himalaya ,3,REMOTE SENSING OF ENVIRONMENT,2005,HKH,a,b,e,b,c,f,c,,The word 'Permafrost' appears only in a few sentences,,,,,,,,,,,,,,,,,,,,,,,,,,,,,,,,,,,,,,,,,,,,,,,,,,,,,,,,,,,,,,,,,,,,,,,,,,,,,,,,,,,,,,,,,,,,,,,,,,,,,,,,,,,,,,,,,,,,,,,,,,,,,,,,
5,Southwest-facing slopes control the formation of debris-covered glaciers in the Bhutan Himalaya,3,THE CRYOSPHERE,2013,HKH,a,a,b,b,c,f,c,,Permafrost appears only in the discussion,,,,,,,,,,,,,,,,,,,,,,,,,,,,,,,,,,,,,,,,,,,,,,,,,,,,,,,,,,,,,,,,,,,,,,,,,,,,,,,,,,,,,,,,,,,,,,,,,,,,,,,,,,,,,,,,,,,,,,,,,,,,,,,,
6,Contrasting responses of Central Asian rock glaciers to global warming,1,SCIENTIFIC REPORTS,2015,Central Asia,a,a,b,b,c,f,c,Y,42°– 43.5° N,76.5°–79°E,,decadal activity trend of rock glaciers,synchronous ,1895-2011,multi-decadal activity trend of rock glaciers ,site-specific  ,1895-2011,,,,,,,,,,,,,rock glacier activity (mixed signals),,,rock glacier activity strongly dependent on warm summers,,,,,,,,,,,,,,,,,,,,,,,,,,,,,,,,,,,,,,,,,,,,,,,,,,,,,,,,,,,,,,,,,,,,,,,,,,,,,,,,,,,,,,,,,,,,,,,,,,,,,,,,
7,"Occurrence, evolution and ice content of ice-debris complexes in the Ak-Shiirak, Central Tien Shan revealed by geophysical and remotely-sensed investigations",1,EARTH SURFACE PROCESSES AND LANDFORMS,2019,Tien Shan,a,a,"b,c",b,c,f,c,Y,41° 50' N,78° 25' E,5000,area of ice-debris complexes,11.2 km2,2013-2015,mean elevation of ice-debris complexes,3950 m asl,2013-2015,surface lowering of debris covered bodies,>20 m,1964-2015,,,,,,,,,,surface lowering (increasing),,,,,,5000,,,,,,,,,,,,,,,,,,,,,,,,,,,,,,,,,,,,,,,,,,,,,,,,,,,,,,,,,,,,,,,,,,,,,,,,,,,,,,,,,,,,,,,,,,,,,,,,,,,,,
8,Modeling Chinese cryospheric change by using GIS technology,1,COLD REGIONS SCIENCE AND TECHNOLOGY,2003,China,a,a,b,b,c,f,c,,NA,NA,NA,,,,,,,,,,,,,,,,,,,,,,,,,,,,,,,,,,,,,,,,,,,,,,,,,,,,,,,,,,,,,,,,,,,,,,,,,,,,,,,,,,,,,,,,,,,,,,,,,,,,,,,,,,,,,,,,,,,,,,,,,,,,,,
9,Permafrost and climatic change in China,1,GLOBAL AND PLANETARY CHANGE,2000,China,a,a,d,b,c,f,c,,NA,NA,NA,,,,,,,,,,,,,,,,,,,,,,,,,,,,,,,,,,,,,,,,,,,,,,,,,,,,,,,,,,,,,,,,,,,,,,,,,,,,,,,,,,,,,,,,,,,,,,,,,,,,,,,,,,,,,,,,,,,,,,,,,,,,,,
10,Species richness and adaptive capacity in animal communities: lessons from China,3,INTEGRATIVE ZOOLOGY,2008,China,a,a,c,a,"a,b",f,c,,The word 'Permafrost' appears only in a few sentences,,,,,,,,,,,,,,,,,,,,,,,,,,,,,,,,,,,,,,,,,,,,,,,,,,,,,,,,,,,,,,,,,,,,,,,,,,,,,,,,,,,,,,,,,,,,,,,,,,,,,,,,,,,,,,,,,,,,,,,,,,,,,,,,
11,Advances in global mountain geomorphology,1,GEOMORPHOLOGY,2018,Global,a,a,"a,b",a,a,"b,c",a,,NA,NA,NA,,,,,,,,,,,,,,,,,,,,,,,,,,,,,,,,,,,,,,,,,,,,,,,,,,,,,,,,,,,,,,,,,,,,,,,,,,,,,,,,,,,,,,,,,,,,,,,,,,,,,,,,,,,,,,,,,,,,,,,,,,,,,,
12,Assessing the impacts of climatic change on mountain water resources,2,SCIENCE OF THE TOTAL ENVIRONMENT,2014,Global,a,a,"a,c",a,a,"b,c",a,,The word 'Permafrost' appears only in a few sentences,,,,,,,,,,,,,,,,,,,,,,,,,,,,,,,,,,,,,,,,,,,,,,,,,,,,,,,,,,,,,,,,,,,,,,,,,,,,,,,,,,,,,,,,,,,,,,,,,,,,,,,,,,,,,,,,,,,,,,,,,,,,,,,,
13,Detection and Analysis of Ground Deformation in Permafrost Environments,2,PERMAFROST AND PERIGLACIAL PROCESSES,2016,Global,a,a,b,a,a,b,a,,Only one reference for Tien Shan,,,,,,,,,,,,,,,,,,,,,,,,,,,,,,,,,,,,,,,,,,,,,,,,,,,,,,,,,,,,,,,,,,,,,,,,,,,,,,,,,,,,,,,,,,,,,,,,,,,,,,,,,,,,,,,,,,,,,,,,,,,,,,,,
14,Evidence for accelerated weathering and sulfate export in high alpine environments,2,ENVIRONMENTAL RESEARCH LETTERS,2019,Global,a,a,a,b,c,f,c,,The word 'Permafrost' appears only in a few sentences,,,,,,,,,,,,,,,,,,,,,,,,,,,,,,,,,,,,,,,,,,,,,,,,,,,,,,,,,,,,,,,,,,,,,,,,,,,,,,,,,,,,,,,,,,,,,,,,,,,,,,,,,,,,,,,,,,,,,,,,,,,,,,,,
15,Geomorphic impacts of large and rapid mass movements: a review,2,GEOMORPHOLOGIE-RELIEF PROCESSUS ENVIRONNEMENT,2009,Global,a,a,b,a,a,"b,c,d",c,,The word 'Permafrost' appears only in a few sentences,,,,,,,,,,,,,,,,,,,,,,,,,,,,,,,,,,,,,,,,,,,,,,,,,,,,,,,,,,,,,,,,,,,,,,,,,,,,,,,,,,,,,,,,,,,,,,,,,,,,,,,,,,,,,,,,,,,,,,,,,,,,,,,,
16,Glaciation of alpine valleys: The glacier - debris-covered glacier - rock glacier continuum,2,GEOMORPHOLOGY,2018,Global,a,a,"a,b",a,b,g,c,,The word 'Permafrost' appears only in a few sentences,,,,,,,,,,,,,,,,,,,,,,,,,,,,,,,,,,,,,,,,,,,,,,,,,,,,,,,,,,,,,,,,,,,,,,,,,,,,,,,,,,,,,,,,,,,,,,,,,,,,,,,,,,,,,,,,,,,,,,,,,,,,,,,,
17,Global Distribution of Cryosols with Mountain Permafrost: An Overview,1,PERMAFROST AND PERIGLACIAL PROCESSES,2015,Global,a,a,b,b,c,f,c,,Multiple locations in table 1,Multiple locations in table 1,Multiple locations in table 1,,,,,,,,,,,,,,,,,,,,,,,,,,,,,,,,,,,,,,,,,,,,,,,,,,,,,,,,,,,,,,,,,,,,,,,,,,,,,,,,,,,,,,,,,,,,,,,,,,,,,,,,,,,,,,,,,,,,,,,,,,,,,,
18,Global distribution of soil organic carbon - Part 2: Certainty of changes related to land use and climate,2,SOIL,2015,Global,a,a,b,b,c,f,c,,Permafrost appears only in the discussion,,,,,,,,,,,,,,,,,,,,,,,,,,,,,,,,,,,,,,,,,,,,,,,,,,,,,,,,,,,,,,,,,,,,,,,,,,,,,,,,,,,,,,,,,,,,,,,,,,,,,,,,,,,,,,,,,,,,,,,,,,,,,,,,
19,"Ice, moraine, and landslide dams in mountainous terrain",2,QUATERNARY SCIENCE REVIEWS,2007,Global,a,a,b,a,a,b,c,,The word 'Permafrost' appears only in a few sentences,,,,,,,,,,,,,,,,,,,,,,,,,,,,,,,,,,,,,,,,,,,,,,,,,,,,,,,,,,,,,,,,,,,,,,,,,,,,,,,,,,,,,,,,,,,,,,,,,,,,,,,,,,,,,,,,,,,,,,,,,,,,,,,,
20,Impacts of climate change on Vegetation Distribution No. 1 climate change induced vegetation shifts in the Palearctic region,4,APPLIED ECOLOGY AND ENVIRONMENTAL RESEARCH,2013,NA,a,a,c,a,b,g,c,,Focused on Palearctic region/Permafrost appears only in the discussion,,,,,,,,,,,,,,,,,,,,,,,,,,,,,,,,,,,,,,,,,,,,,,,,,,,,,,,,,,,,,,,,,,,,,,,,,,,,,,,,,,,,,,,,,,,,,,,,,,,,,,,,,,,,,,,,,,,,,,,,,,,,,,,,
21,Increasing risks related to landslides from degrading permafrost into new lakes in de-glaciating mountain ranges,2,GEOMORPHOLOGY,2017,Global,a,a,"a,b",a,a,"a,b,c,d",a,,Permafrost appears only in the discussion (no measurements),,,,,,,,,,,,,,,,,,,,,,,,,,,,,,,,,,,,,,,,,,,,,,,,,,,,,,,,,,,,,,,,,,,,,,,,,,,,,,,,,,,,,,,,,,,,,,,,,,,,,,,,,,,,,,,,,,,,,,,,,,,,,,,,
22,Loss and Damage in the mountain cryosphere,2,REGIONAL ENVIRONMENTAL CHANGE,2018,Global,a,a,"a,b,c",a,"a,b","a,b,c,d",a,,Permafrost appears only in the discussion,,,,,,,,,,,,,,,,,,,,,,,,,,,,,,,,,,,,,,,,,,,,,,,,,,,,,,,,,,,,,,,,,,,,,,,,,,,,,,,,,,,,,,,,,,,,,,,,,,,,,,,,,,,,,,,,,,,,,,,,,,,,,,,,
23,Modeling the biophysical impacts of global change in mountain biosphere reserves,2,MOUNTAIN RESEARCH AND DEVELOPMENT,2007,Global,a,a,c,a,a,b,a,,Permafrost appears only in the discussion,,,,,,,,,,,,,,,,,,,,,,,,,,,,,,,,,,,,,,,,,,,,,,,,,,,,,,,,,,,,,,,,,,,,,,,,,,,,,,,,,,,,,,,,,,,,,,,,,,,,,,,,,,,,,,,,,,,,,,,,,,,,,,,,
24,"Mountain Glacial and Paraglacial Environments under Global Climate Change: Lessons from the Past, Future Directions and Policy Implications",2,GEOGRAFISKA ANNALER SERIES A-PHYSICAL GEOGRAPHY,2014,Global,a,a,"a,b,c",a,a,"b,c,d",c,,Permafrost appears only in the discussion,,,,,,,,,,,,,,,,,,,,,,,,,,,,,,,,,,,,,,,,,,,,,,,,,,,,,,,,,,,,,,,,,,,,,,,,,,,,,,,,,,,,,,,,,,,,,,,,,,,,,,,,,,,,,,,,,,,,,,,,,,,,,,,,
25,Mountain permafrost: development and challenges of a young research field,2,JOURNAL OF GLACIOLOGY,2010,Global,a,a,b,a,a,"b,c,d",a,,Permafrost appears only in the discussion,,,,,,,,,,,,,,,,,,,,,,,,,,,,,,,,,,,,,,,,,,,,,,,,,,,,,,,,,,,,,,,,,,,,,,,,,,,,,,,,,,,,,,,,,,,,,,,,,,,,,,,,,,,,,,,,,,,,,,,,,,,,,,,,
26,"Practical Recommendations for Planning, Constructing and Maintaining Infrastructure in Mountain Permafrost ",4,PERMAFROST AND PERIGLACIAL PROCESSES,2010,NA,a,a,b,a,a,"b,c  ",a,,Focused on Alps/Permafrost appears only in the discussion,,,,,,,,,,,,,,,,,,,,,,,,,,,,,,,,,,,,,,,,,,,,,,,,,,,,,,,,,,,,,,,,,,,,,,,,,,,,,,,,,,,,,,,,,,,,,,,,,,,,,,,,,,,,,,,,,,,,,,,,,,,,,,,,
27,"Research Perspectives on Unstable High-alpine Bedrock Permafrost: Measurement, Modelling and Process Understanding",4,PERMAFROST AND PERIGLACIAL PROCESSES,2012,NA,a,a,b,a,a,"b,c,d",a,,Focused on Alps/Permafrost appears only in the discussion,,,,,,,,,,,,,,,,,,,,,,,,,,,,,,,,,,,,,,,,,,,,,,,,,,,,,,,,,,,,,,,,,,,,,,,,,,,,,,,,,,,,,,,,,,,,,,,,,,,,,,,,,,,,,,,,,,,,,,,,,,,,,,,,
28,Review: Impacts of permafrost degradation on inorganic chemistry of surface fresh water,2,GLOBAL AND PLANETARY CHANGE,2018,Global,a,a,a,b,c,f,c,,Permafrost appears only in the discussion,,,,,,,,,,,,,,,,,,,,,,,,,,,,,,,,,,,,,,,,,,,,,,,,,,,,,,,,,,,,,,,,,,,,,,,,,,,,,,,,,,,,,,,,,,,,,,,,,,,,,,,,,,,,,,,,,,,,,,,,,,,,,,,,
29,Rock glaciers and mountain hydrology: A review,2,EARTH-SCIENCE REVIEWS,2019,Global,a,a,"a,b",a,a,"b,c,d",a,,Permafrost appears only in the discussion,,,,,,,,,,,,,,,,,,,,,,,,,,,,,,,,,,,,,,,,,,,,,,,,,,,,,,,,,,,,,,,,,,,,,,,,,,,,,,,,,,,,,,,,,,,,,,,,,,,,,,,,,,,,,,,,,,,,,,,,,,,,,,,,
30,The new database of the Global Terrestrial Network for Permafrost (GTN-P),1,EARTH SYSTEM SCIENCE DATA,2015,Global,a,a,"b,c",a,a,"b,c,d",a,,Global/NA,Global/NA,Global/NA,,,,,,,,,,,,,,,,,,,,,,,,,,,,,,,,,,,,,,,,,,,,,,,,,,,,,,,,,,,,,,,,,,,,,,,,,,,,,,,,,,,,,,,,,,,,,,,,,,,,,,,,,,,,,,,,,,,,,,,,,,,,,,
31,Toward mountains without permanent snow and ice,2,EARTHS FUTURE,2017,Global,a,a,"a,b,c",a,"a,b","a,c,g",c,,Permafrost appears only in the discussion,,,,,,,,,,,,,,,,,,,,,,,,,,,,,,,,,,,,,,,,,,,,,,,,,,,,,,,,,,,,,,,,,,,,,,,,,,,,,,,,,,,,,,,,,,,,,,,,,,,,,,,,,,,,,,,,,,,,,,,,,,,,,,,,
32,Unraveling driving factors for large rock-ice avalanche mobility,2,EARTH SURFACE PROCESSES AND LANDFORMS,2011,Global,a,a,b,a,a,b,c,,Permafrost appears only in the discussion,,,,,,,,,,,,,,,,,,,,,,,,,,,,,,,,,,,,,,,,,,,,,,,,,,,,,,,,,,,,,,,,,,,,,,,,,,,,,,,,,,,,,,,,,,,,,,,,,,,,,,,,,,,,,,,,,,,,,,,,,,,,,,,,
33,"Effects of Cryospheric Change on Alpine Hydrology: Combining a Model With Observations in the Upper Reaches of the Hei River, China",3,JOURNAL OF GEOPHYSICAL RESEARCH-ATMOSPHERES,2018,QTP (Qilian Shan),a,a,a,b,c,f,c,,Permafrost appears only in the discussion,,,,,,,,,,,,,,,,,,,,,,,,,,,,,,,,,,,,,,,,,,,,,,,,,,,,,,,,,,,,,,,,,,,,,,,,,,,,,,,,,,,,,,,,,,,,,,,,,,,,,,,,,,,,,,,,,,,,,,,,,,,,,,,,
34,Riverine dissolved organic carbon and its optical properties in a permafrost region of the Upper Heihe River basin in the Northern Tibetan Plateau,1,SCIENCE OF THE TOTAL ENVIRONMENT,2019,QTP (Qilian Shan),a,a,c,b,c,f,c,Y,38-39,99-100,2847 to 4876 m a.s.l.,DOC (dissolved organic carbon) concentrations range(Yeniugou),0.25 to 12.2 mg/l ,Aug 2015 to Sep 2018,DOC concentrations range,0.18–1.04 (Hulugou),Aug 2015 to Sep 2018,DOC concentrations average(Yeniugou),0.82 mg/l,Aug 2015 to Sep 2018,DOC concentrations average(Hulugou),0.33 mg/l,Aug 2015 to Sep 2018,Export of DOC,about 0.86 Gg (Gigagrams) C yr?1 ),Aug 2015 to Sep 2018,,,,,stream DOC concentration (increasing); DOC export (increasing),,Inoformation about multiple sites in Table 2,,,,2847,4876,,,,,,,,,,,,,,,,,,,,,,,,,,,,,,,,,,,,,,,,,,,,,,,,,,,,,,,,,,,,,,,,,,,,,,,,,,,,,,,,,,,,,,,,,,,,,,,,,,,
35,"Influences of Frozen Ground and Climate Change on Hydrological Processes in an Alpine Watershed: A Case Study in the Upstream Area of the Hei'he River, Northwest China",1,PERMAFROST AND PERIGLACIAL PROCESSES,2017,QTP (Qilian Shan),a,a,a,b,c,f,c,Y,37-39,100°- 101° 10' E,,Thickness of permafrost,thicker than 100 m,NA,mean annual ground temperature ,-1.7C,NA,active layer thickness ,1.6 m,NA,lower limit of permafrost ,3650-3700 m a.s.l.,,,,,,,,,,,,,,,,,,,,,,,,,,,,,,,,,,,,,,,,,,,,,,,,,,,,,,,,,,,,,,,,,,,,,,,,,,,,,,,,,,,,,,,,,,,,,,,,,,,,,,,,,,,,,,,,,,,
36,Rock-glacier dams in High Asia,1,EARTH SURFACE PROCESSES AND LANDFORMS,2019,HMA,a,a,"a,b",b,c,f,c,,Table 3 and Table 4 in the article has information bout different locations in HMA,,,,,,,,,,,,,,,,,,,,,,,,,,,,,,,,,,,,,,,,,,,,,,,,,,,,,,,,,,,,,,,,,,,,,,,,,,,,,,,,,,,,,,,,,,,,,,,,,,,,,,,,,,,,,,,,,,,,,,,,,,,,,,,,
37,CMIP5 permafrost degradation projection: A comparison among different regions,1,JOURNAL OF GEOPHYSICAL RESEARCH-ATMOSPHERES,2016,Global,a,a,b ,a,a,b,c,,Global/NA,Global/NA,Global/NA,,,,,,,,,,,,,,,,,,,,,,,,,,,,,,,,,,,,,,,,,,,,,,,,,,,,,,,,,,,,,,,,,,,,,,,,,,,,,,,,,,,,,,,,,,,,,,,,,,,,,,,,,,,,,,,,,,,,,,,,,,,,,,
38,"Inventory of rock glaciers in Himachal Himalaya, India using high-resolution Google Earth imagery",1,GEOMORPHOLOGY,2019,HKH,a,b,e,b,c,f,c,,30° 22' 40” - 33° 12’ 20” N,"75° 45' 55"" - 79° 04’ 20” E",350 m asl - 7000 m asl,,,,,,,,,,,,,,,,,,,,,,,,,,,,,,,,,,,,,,,,,,,,,,,,,,,,,,,,,,,,,,,,,,,,,,,,,,,,,,,,,,,,,,,,,,,,,,,,,,,,,,,,,,,,,,,,,,,,,,,,,,,,,,
39,"Glacial lake outburst flood risk in Himachal Pradesh, India: an integrative and anticipatory approach considering current and future threats",3,NATURAL HAZARDS,2016,HKH,a,a,b,a,a,"a,b,c,d",a,,Permafrost appears only in the discussion,,,,,,,,,,,,,,,,,,,,,,,,,,,,,,,,,,,,,,,,,,,,,,,,,,,,,,,,,,,,,,,,,,,,,,,,,,,,,,,,,,,,,,,,,,,,,,,,,,,,,,,,,,,,,,,,,,,,,,,,,,,,,,,,
40,"Permafrost studies in Kullu district, Himachal Pradesh",1,CURRENT SCIENCE,2016,HKH,a,a,"a,b",a,a,"b,d",a,Y,32,77,3500 and above,lowermost limit of permafrost,4200 m a.s.l.,2015,elevation range where permafrost area equals area of glacier ice,4200-5000,2015,,,,,,,,,,,,,permafrost lower limit (increasing),,,,,,,3500,,,,,,,,,,,,,,,,,,,,,,,,,,,,,,,,,,,,,,,,,,,,,,,,,,,,,,,,,,,,,,,,,,,,,,,,,,,,,,,,,,,,,,,,,,,,,,,,,,,,
41,"Mapping Glacial Geomorphology and Livelihood Resources in Urgos Watershed, Lahul and Spiti District, Himachal Pradesh, India",3,JOURNAL OF THE INDIAN SOCIETY OF REMOTE SENSING,2019,HKH,a,a,b,b,c,f,c,,Permafrost appears only in the discussion,,,,,,,,,,,,,,,,,,,,,,,,,,,,,,,,,,,,,,,,,,,,,,,,,,,,,,,,,,,,,,,,,,,,,,,,,,,,,,,,,,,,,,,,,,,,,,,,,,,,,,,,,,,,,,,,,,,,,,,,,,,,,,,,
42,Review article: Inferring permafrost and permafrost thaw in the mountains of the Hindu Kush Himalaya region,2,THE CRYOSPHERE,2017,HKH,a,a,"a,b,c",a,a,"a,b,c,d",a,,15.95° to 39.31°N,60.85° to 105.04°E,above 3500 m a.s.l.,,,,,,,,,,,,,,,,,,,,,,,,,,,,,,,,,,,,,,,,,,,,,,,,,,,,,,,,,,,,,,,,,,,,,,,,,,,,,,,,,,,,,,,,,,,,,,,,,,,,,,,,,,,,,,,,,,,,,,,,,,,,,,
43,An overview of studies of observed climate change in the Hindu Kush Himalayan (HKH) region,3,ADVANCES IN CLIMATE CHANGE RESEARCH,2017,HKH,a,a,a,a,a,b,c,,Permafrost appears only in the discussion,,,,,,,,,,,,,,,,,,,,,,,,,,,,,,,,,,,,,,,,,,,,,,,,,,,,,,,,,,,,,,,,,,,,,,,,,,,,,,,,,,,,,,,,,,,,,,,,,,,,,,,,,,,,,,,,,,,,,,,,,,,,,,,,
44,Need for Permafrost Researches in Indian Himalaya,3,JOURNAL OF CLIMATE CHANGE,2018,HKH,a,a,"a,b,c",a,a,c,c,,Permafrost appears only in the discussion,,,,,,,,,,,,,,,,,,,,,,,,,,,,,,,,,,,,,,,,,,,,,,,,,,,,,,,,,,,,,,,,,,,,,,,,,,,,,,,,,,,,,,,,,,,,,,,,,,,,,,,,,,,,,,,,,,,,,,,,,,,,,,,,
45,Mountain glacier-to-rock glacier transition,3,GLOBAL AND PLANETARY CHANGE,2019,HKH,a,a,"a,b",a,b,g,c,,Permafrost appears only in the discussion,,,,,,,,,,,,,,,,,,,,,,,,,,,,,,,,,,,,,,,,,,,,,,,,,,,,,,,,,,,,,,,,,,,,,,,,,,,,,,,,,,,,,,,,,,,,,,,,,,,,,,,,,,,,,,,,,,,,,,,,,,,,,,,,
46,A naturally-occurring 'cold earth' spot in Northern China,4,SCIENTIFIC REPORTS,2016,NA,a,a,b,a,b,g,a,,,,,,,,,,,,,,,,,,,,,,,,,,,,,,,,,,,,,,,,,,,,,,,,,,,,,,,,,,,,,,,,,,,,,,,,,,,,,,,,,,,,,,,,,,,,,,,,,,,,,,,,,,,,,,,,,,,,,,,,,,,,,,,,,,
47,Soil enzyme response to permafrost collapse in the Northern Qinghai-Tibetan Plateau,1,ECOLOGICAL INDICATORS,2018,QTP (local),a,a,c,a,b,g,c,Y,38.001° N ,100.913° E ,3661 m above sea level,soil moisture  within the permafrost thaw-induced collapsed feature,substantially lower,2015,"soil organic carbon, light fraction organic carbon and total nitrogen in upper 10 cm soil depth ",lower in soils where permafrost was in the process of collapsing than those of the control and collapsed soils,2015,invertase activities in collapsing soils for the upper 0–20 cm layer,significantly lower than those of the control and collapsed soils,2015,,,,,,,,,,,Soil enzyme in degrading permafrost soil (decreasig),,,,,,,,,,,,,,,,,,,,,,,,,,,,,,,,,,,,,,,,,,,,,,,,,,,,,,,,,,,,,,,,,,,,,,,,,,,,,,,,,,,,,,,,,,,,,,,,,,,,,,,,,,
48,Changes in the mountain river discharge in the northern Tien Shan since the mid-20th Century: Results from the analysis of a homogeneous daily streamflow data set from seven catchments,3,JOURNAL OF HYDROLOGY,2018,Tien Shan,a,a,a,b,c,f,c,,Permafrost appears only in the discussion,,,,,,,,,,,,,,,,,,,,,,,,,,,,,,,,,,,,,,,,,,,,,,,,,,,,,,,,,,,,,,,,,,,,,,,,,,,,,,,,,,,,,,,,,,,,,,,,,,,,,,,,,,,,,,,,,,,,,,,,,,,,,,,,
49,"Development of proglacial lakes and evaluation of related outburst susceptibility at the Adygine ice-debris complex, northern Tien Shan",3,EARTH SURFACE DYNAMICS,2019,Tien Shan,a,a,"a,b ",a,a,"b,d",a,,Permafrost appears only in the discussion,,,,,,,,,,,,,,,,,,,,,,,,,,,,,,,,,,,,,,,,,,,,,,,,,,,,,,,,,,,,,,,,,,,,,,,,,,,,,,,,,,,,,,,,,,,,,,,,,,,,,,,,,,,,,,,,,,,,,,,,,,,,,,,,
50,Permafrost response to climate change in the Northern Tien Shan,1,SCIENCES IN COLD AND ARID REGIONS,2017,Tien Shan,a,a,b,b,c,f,c,,43.03333,76.91667,3336,warming trend in the mean annual air temperature,0.02 °C/a,1973-2003,Increase in permafrost temperatures ,0.01 °C/a,1974-2016,,,,,,,,,,,,,permafrost temperature (increasing); warming trend (increasing),,,,,,3336,,,43.03333,76.91667,3336,,,,,,,,,,,,,,,,,,,,,,,,,,,,,,,,,,,,,,,,,,,,,,,,,,,,,,,,,,,,,,,,,,,,,,,,,,,,,,,,,,,,,,,,,,,,,,,,
51,Cryosphere-Fed Irrigation Networks in the Northwestern Himalaya: Precarious Livelihoods and Adaptation Strategies Under the Impact of Climate Change,3,MOUNTAIN RESEARCH AND DEVELOPMENT,2019,HKH,a,a,a,a,a,a,a,,Permafrost appears only in the discussion,,,,,,,,,,,,,,,,,,,,,,,,,,,,,,,,,,,,,,,,,,,,,,,,,,,,,,,,,,,,,,,,,,,,,,,,,,,,,,,,,,,,,,,,,,,,,,,,,,,,,,,,,,,,,,,,,,,,,,,,,,,,,,,,
52,Regional-scale analysis of high-mountain multi-hazard and risk indicators in the Pamir (Tajikistan) with GRASS GIS,3,NATURAL HAZARDS AND EARTH SYSTEM SCIENCES,2013,Pamir,a,a,b,a,a,"a,b,d",a,,Permafrost appears only in the discussion,,,,,,,,,,,,,,,,,,,,,,,,,,,,,,,,,,,,,,,,,,,,,,,,,,,,,,,,,,,,,,,,,,,,,,,,,,,,,,,,,,,,,,,,,,,,,,,,,,,,,,,,,,,,,,,,,,,,,,,,,,,,,,,,
53,"Climate background, relative rate, and runoff effect of multiphase water transformation in Qilian Mountains, the third pole region",3,SCIENCE OF THE TOTAL ENVIRONMENT,2019,QTP (Qilian Shan),a,a,a,b,c,f,c,,Data about permafrost appears from other papers in the 'Introduction' section of the paper,,,,,,,,,,,,,,,,,,,,,,,,,,,,,,,,,,,,,,,,,,,,,,,,,,,,,,,,,,,,,,,,,,,,,,,,,,,,,,,,,,,,,,,,,,,,,,,,,,,,,,,,,,,,,,,,,,,,,,,,,,,,,,,,
54,"Cryospheric Hydrometeorology Observation in the Hulu Catchment (CHOICE), Qilian Mountains, China",3,VADOSE ZONE JOURNAL,2018,QTP (Qilian Shan),a,a,"a,b",a,a,"b,d",c,,Permafrost appears only in the discussion,,,,,,,,,,,,,,,,,,,,,,,,,,,,,,,,,,,,,,,,,,,,,,,,,,,,,,,,,,,,,,,,,,,,,,,,,,,,,,,,,,,,,,,,,,,,,,,,,,,,,,,,,,,,,,,,,,,,,,,,,,,,,,,,
55,"Exploration of permafrost with audiomagnetotelluric data for gas hydrates in the Juhugeng Mine of the Qilian Mountains, China",3,GEOPHYSICS,2019,QTP (Qilian Shan),a,a,b,b,c,f,c,,Permafrost appears only in the discussion/Talks about mines,,,,,,,,,,,,,,,,,,,,,,,,,,,,,,,,,,,,,,,,,,,,,,,,,,,,,,,,,,,,,,,,,,,,,,,,,,,,,,,,,,,,,,,,,,,,,,,,,,,,,,,,,,,,,,,,,,,,,,,,,,,,,,,,
56,"Response of frozen ground under climate change in the Qilian Mountains, China",1,QUATERNARY INTERNATIONAL,2019,QTP (Qilian Shan),a,a,b,b,c,f,c,,35.8°-40.0°N,93.4°-103.4°E,2207-5767,,,,,,,,,,,,,,,,,,,,,,,,,,,,,,,,,,,,,,,,,,,,,,,,,,,,,,,,,,,,,,,,,,,,,,,,,,,,,,,,,,,,,,,,,,,,,,,,,,,,,,,,,,,,,,,,,,,,,,,,,,,,,,
57,Simulation of permafrost distributions in the Qilian Mountains using a multi-criteria approach,1,COLD REGIONS SCIENCE AND TECHNOLOGY,2014,QTP (Qilian Shan),a,b,e,b,c,f,c,,35.8°–40.0°N,93.4°–103.4°E ,,,,,,,,,,,,,,,,,,,,,,,,,,,,,,,,,,,,,,,,,,,,,,,,,,,,,,,,,,,,,,,,,,,,,,,,,,,,,,,,,,,,,,,,,,,,,,,,,,,,,,,,,,,,,,,,,,,,,,,,,,,,,,,
58,"Hydrothermal variations in soils resulting from the freezing and thawing processes in the active layer of an alpine grassland in the Qilian Mountains, northeastern Tibetan Plateau",1,THEORETICAL AND APPLIED CLIMATOLOGY,2019,QTP (Qilian Shan),a,a,b,b,c,f,c,Y, 37.7° to 42.7° ,97.1° to 102.0°  ,3700 to 4132 m a.s.l, thaw rate of the active layer  in alpine paludal meadows compared to the thaw rate in alpine meadows and alpine steppes.,significantly smaller,2013-2014,the active layer soil water content in alpine paludal meadows,higher and fluctuated less,2013-2014, the active layer soil water content in alpine meadows and alpine steppes.,lower and fluctuated more significantly,2013-2014,,,,,,,,,,,,,Information about multiple sites in Tables and figures,,,,3700,4132,,,,,,,,,,,,,,,,,,,,,,,,,,,,,,,,,,,,,,,,,,,,,,,,,,,,,,,,,,,,,,,,,,,,,,,,,,,,,,,,,,,,,,,,,,,,,,,,,,,
59,"Long-term change in the depth of seasonally frozen ground and its ecohydrological impacts in the Qilian Mountains, northeastern Tibetan Plateau",1,JOURNAL OF HYDROLOGY,2016,QTP (Qilian Shan),a,a,"a,c",b,c,f,c,Y,37 - 40,98 - 102,1600-3800,maximum thickness of seasonally frozen ground (MTSFG),mean decreasing trend of 7.4 cm/10a,1960 to 2014,increase in air temperature ,0.34 C/10a,1960 to 2014,elevation range with  greatest decreasing trend of the MTSFG,3400–3800 m,1960 to 2014,,,,,,,,,,,,,,,,,1600,3800,,,,,,,,,,,,,,,,,,,,,,,,,,,,,,,,,,,,,,,,,,,,,,,,,,,,,,,,,,,,,,,,,,,,,,,,,,,,,,,,,,,,,,,,,,,,,,,,,,,
60,"Effect of permafrost properties on gas hydrate petroleum system in the Qilian Mountains, Qinghai, Northwest China",3,ENVIRONMENTAL SCIENCE-PROCESSES & IMPACTS,2014,QTP (Qilian Shan),a,a,c,b,c,f,c,,Permafrost appears only in the discussion,99 - 99 20',,,,,,,,,,,,,,,,,,,,,,,,,,,,,,,,,,,,,,,,,,,,,,,,,,,,,,,,,,,,,,,,,,,,,,,,,,,,,,,,,,,,,,,,,,,,,,,,,,,,,,,,,,,,,,,,,,,,,,,,,,,,,,,
61,Quantitative evaluation on the influence from cryosphere meltwater on runoff in an inland river basin of China,1,GLOBAL AND PLANETARY CHANGE,2016,QTP (Qilian Shan),a,a,a,b,c,f,c,Y, 38°24?–39°36?,97°16?–99°12?E,2017-5329,contribution of cryosphere meltwater towards the total runoff in the source region,49% of the total runoff,2013–2014,contribution of cryosphere meltwater towards the total runoff at the outlet of the basin,21% of the total runoff,2013–2014,contribution of precipitation and meltwater from cryosphere belt towards the total runoff at the outlet of the basin,0.78,2013–2014,,,,,,,,,,,,,,,,,2017,5329,38.8,99.24,3367,39.75,98.27,2337,,,,,,,,,,,,,,,,,,,,,,,,,,,,,,,,,,,,,,,,,,,,,,,,,,,,,,,,,,,,,,,,,,,,,,,,,,,,,,,,,,,,,,,,,,,,,
62,"Analysis of groundwater flow in mountainous, headwater catchments with permafrost",1,WATER RESOURCES RESEARCH,2015,QTP (Qilian Shan),a,a,"a,b",b,c,f,c,,NA,NA,2970 - 4770,,,,,,,,,,,,,,,,,,,,,,,,,,,,,,,,,,,,,,,,,,,,,,,,,,,,,,,,,,,,,,,,,,,,,,,,,,,,,,,,,,,,,,,,,,,,,,,,,,,,,,,,,,,,,,,,,,,,,,,,,,,,,,
63,Development of highway constructing technology in the permafrost region on the Qinghai-Tibet plateau,4,SCIENCE IN CHINA SERIES E-TECHNOLOGICAL SCIENCES,2009,NA,a,a,b,a,a,c,a,,Review paper/ Not well written/No maps/No timelines mentioned,,,,,,,,,,,,,,,,,,,,,,,,,,,,,,,,,,,,,,,,,,,,,,,,,,,,,,,,,,,,,,,,,,,,,,,,,,,,,,,,,,,,,,,,,,,,,,,,,,,,,,,,,,,,,,,,,,,,,,,,,,,,,,,,
64,"Difference between near-surface air, land surface and ground surface temperatures and their influences on the frozen ground on the Qinghai-Tibet Plateau",1,GEODERMA,2018,QTP (Beiluhe),a,a,b,b,c,f,c,Y,34.5-35.5,97-98,>4200,Surface offsets (MAGST-MAAT) , within 3.5 °C,2014-2016,"Thermal offsets, the mean annual differences between the ground surface and the permafrost surface",within ?0.3 °C,2014-2016,,,,,,,,,,,,,,,,,,,,,,,,,,,,,,,,,,,,,,,,,,,,,,,,,,,,,,,,,,,,,,,,,,,,,,,,,,,,,,,,,,,,,,,,,,,,,,,,,,,,,,,,,,,,,,,,,,,,,,,,
65,Effect of climate change and railway embankment on the degradation of underlain permafrost,3,SCIENCES IN COLD AND ARID REGIONS,2015,QTEC,a,a,"b,c",a,a,b,c,,Table 3 has informaton about geothermal temperature of permafrost in different regions along Qinghai-Tibet Railway,,,,,,,,,,,,,,,,,,,,,,,,,,,,,,,,,,,,,,,,,,,,,,,,,,,,,,,,,,,,,,,,,,,,,,,,,,,,,,,,,,,,,,,,,,,,,,,,,,,,,,,,,,,,,,,,,,,,,,,,,,,,,,,,
66,"Effects of local factors and climate on permafrost conditions and distribution in Beiluhe basin, Qinghai-Tibet Plateau, China",1,SCIENCE OF THE TOTAL ENVIRONMENT,2017,QTP (Beiluhe),a,a,b,b,c,f,c,Y,34-35,92-93,4628,annual mean ground temperatures  in permafrost,ranged from ?1.5 to 0 °C,2014-2016,active-layer thicknesses ,ranged from 1.4 m to 3.4 m,2014-2016,Active-layer thicknesses have increased by ,at least 42 cm ,2005-2014,mean annual ground temperatures have increased by ,up to 0.2 °C ,2005-2014,area underlain by permafrost calculated based on ecotypes, 64% of the study region,2014-2016,,,,,,,,,,4628,,,,,,,,,,,,,,,,,,,,,,,,,,,,,,,,,,,,,,,,,,,,,,,,,,,,,,,,,,,,,,,,,,,,,,,,,,,,,,,,,,,,,,,,,,,,,,,,,,,,,
67,Freeze/Thaw-Induced Deformation Monitoring and Assessment of the Slope in Permafrost Based on Terrestrial Laser Scanner and GNSS,1,REMOTE SENSING,2017,QTEC,a,a,b,b,c,f,a,Y,35°39'4'',94°03'46'',4759,elevation deformation range,?0.20 m to 0.20 m,2014-2015,,,,,,,,,,,,,,,,,,,,,,4759,,,,,,,,,,,,,,,,,,,,,,,,,,,,,,,,,,,,,,,,,,,,,,,,,,,,,,,,,,,,,,,,,,,,,,,,,,,,,,,,,,,,,,,,,,,,,,,,,,,,,
68,Geophysical Imaging of Permafrost and Talik Configuration Beneath a Thermokarst Lake,1,PERMAFROST AND PERIGLACIAL PROCESSES,2017,QTP (local),a,a,b,b,c,f,c,Y,35-36,93-94,NA,boundaries and ice content of permafrost and the talik adjacent to and under the lake,thickness of permafrost differed by about 4 m,2013,thickness and extent of ice rich permafrost , greater under the northwest shore than under the southeast shore,2013,,,,,,,,,,,,,,,,,,,4443,,,,,,,,,,,,,,,,,,,,,,,,,,,,,,,,,,,,,,,,,,,,,,,,,,,,,,,,,,,,,,,,,,,,,,,,,,,,,,,,,,,,,,,,,,,,,,,,,,,,,
69,"Hydro-thermal processes and thermal offsets of peat soils in the active layer in an alpine permafrost region, NE Qinghai-Tibet plateau",1,GLOBAL AND PLANETARY CHANGE,2017,QTP (Qilian Shan),a,a,b,b,c,f,c,Y, 37.7°–42.7° ,97.1°–102.0°,1600-5400,the Lower Limit of Permafrost on the northern slope of the Eboling Mountains at the eastern branch of the UHRB  (upper Heihe River Basin),"3,600 m",2012-2014,the Lower Limit of Permafrost on the alluvial plain at the western branch of the UHRB (upper Heihe River Basin),3650-3700,2012-2014,thawing and downward freezing rates of soils in the active layer near the LLP on the northern slope of the Eboling Mountains , 0.2 and 1.6 times of the LLP at the western branch of the UHRB,2012-2014,shrinking in permafrost along the major highways at the western branch of the UHRB,10-20 km,1985-2017,,,,,,,,,,,,,,1600,5400,37.998611,100.916667,3691,38.800556,99.025556,3700,,,,,,,,,,,,,,,,,,,,,,,,,,,,,,,,,,,,,,,,,,,,,,,,,,,,,,,,,,,,,,,,,,,,,,,,,,,,,,,,,,,,,,,,,,,,,
70,Impact of experimental warming on soil temperature and moisture of the shallow active layer of wet meadows on the Qinghai-Tibet Plateau,1,COLD REGIONS SCIENCE AND TECHNOLOGY,2013,QTP (Beiluhe),a,a,"a,c",b,c,f,c,Y,34°51.26?,92°56.35',4600-4800,"increase in soil temperatures at depths of 5, 20, and 40 cm   at OTC (open top chambers)2","by 3.84°C, 2.23°C, and 1.42 °C respectively",2007 to 2009,"increase in soil temperatures at depths of 5, 20, and 40 cm   at OTC1","by 0.94°C, 0.27°C, and 0.25 °C, respectively",2007 to 2009,"Soil moisture content at depths of 5, 20, and 40 cm at OTC2","declined by 8.04%, 1.79%, and 1.52%, respectively",2007 to 2009,"Soil moisture content at depths of 5, 20, and 40 cm at OTC1","declined by by 5.33%, 0.69%, and 0.09%, respectively",2007 to 2009,,,,,,,,,,OTC1 and OTC2 are (three pairs of two heights) open top chambers  ; OTC2 is higher than OTC1,,,,4600,4800,,,,,,,,,,,,,,,,,,,,,,,,,,,,,,,,,,,,,,,,,,,,,,,,,,,,,,,,,,,,,,,,,,,,,,,,,,,,,,,,,,,,,,,,,,,,,,,,,,,
71,Impacts of permafrost changes on alpine ecosystem in Qinghai-Tibet Plateau,1,SCIENCE IN CHINA SERIES D-EARTH SCIENCES,2006,QTP,a,a,"a,b,c",a,c,f,c,,QTP mentioned /NA,QTP mentioned /NA,QTP mentioned /NA,,,,,,,,,,,,,,,,,,,,,,,,,,,,,,,,,,,,,,,,,,,,,,,,,,,,,,,,,,,,,,,,,,,,,,,,,,,,,,,,,,,,,,,,,,,,,,,,,,,,,,,,,,,,,,,,,,,,,,,,,,,,,,
72,"Numerical Mapping and Modeling Permafrost Thermal Dynamics across the Qinghai-Tibet Engineering Corridor, China Integrated with Remote Sensing",1,REMOTE SENSING,2018,QTEC,a,a,b,a,a,c,c,Y,32-36,91-95,>4000 m a.s.l.,projected Mean annual ground temperatures (MAGT)  in the mountains,lowest (-2 °C),2010 - 2060,projected Mean annual ground temperatures (MAGT)  in the upland plains,?2.0 °C to 0 °C,2010 - 2060,projected average active-layer thickness (ALT) in high mountains ,less than 2.0 m,2010 - 2060,projected average active-layer thickness (ALT) in the river valley ,more than 4.0 m,2010 - 2060,projected average active-layer thickness (ALT) in the upland plains,3.0 m to 4.0 m,2010 - 2060,projected degraded permafrost region ; projected MAGT increase; projected ALT increase  ,12.0%~20.2%  ; 0.4 ?C~2.3 ?C; 0.4 m~7.3 m,2010 - 2060,permafrost degradation (increasing); MAGT (increasig); ALT (increasing),,,,,,,4000,,,,,,,,,,,,,,,,,,,,,,,,,,,,,,,,,,,,,,,,,,,,,,,,,,,,,,,,,,,,,,,,,,,,,,,,,,,,,,,,,,,,,,,,,,,,,,,,,,,,
73,Processes and modes of permafrost degradation on the Qinghai-Tibet Plateau,2,SCIENCE CHINA-EARTH SCIENCES,2010,QTP,a,a,b,a,b,g,c,,General review paper/ Table 2 has information about  several sites/ Figure 2 has borehole temperatures for the sites ,,,,,,,,,,,,,,,,,,,,,,,,,,,,,,,,,,,,,,,,,,,,,,,,,,,,,,,,,,,,,,,,,,,,,,,,,,,,,,,,,,,,,,,,,,,,,,,,,,,,,,,,,,,,,,,,,,,,,,,,,,,,,,,,
74,Recent acceleration of thaw slumping in permafrost terrain of Qinghai-Tibet Plateau: An example from the Beiluhe Region,1,GEOMORPHOLOGY,2019,QTP (Beiluhe),a,a,b,b,c,f,c,Y,34-36,92-93,4418 m to 5320 m, increase in total number of thaw slumps ,by 253%,2008-2017,increase in the total affected area due to thaw slumps ,by 617%,2008-2017,intensification of thaw slumping in the study region  ,2010 and 2016,2008-2017,,,,,,,,,,,,,,,,,4418,5320,,,,,,,,,,,,,,,,,,,,,,,,,,,,,,,,,,,,,,,,,,,,,,,,,,,,,,,,,,,,,,,,,,,,,,,,,,,,,,,,,,,,,,,,,,,,,,,,,,,
75,Response to climate change of montane herbaceous plants in the genus Rhodiola predicted by ecological niche modelling,3,SCIENTIFIC REPORTS,2018,QTP,a,a,c,a,b,g,c,,Permafrost appears only in the discussion,,,,,,,,,,,,,,,,,,,,,,,,,,,,,,,,,,,,,,,,,,,,,,,,,,,,,,,,,,,,,,,,,,,,,,,,,,,,,,,,,,,,,,,,,,,,,,,,,,,,,,,,,,,,,,,,,,,,,,,,,,,,,,,,
76,Spatial variability and its main controlling factors of the permafrost soil-moisture on the northern-slope of Bayan Har Mountains in Qinghai-Tibet Plateau,1,JOURNAL OF MOUNTAIN SCIENCE,2017,QTP (local),a,a,b,b,c,f,c,Y,34 - 34.2,97.5 - 98,>4700 m a.s.l.,No attributes that can be reported,,,,,,,,,,,,,,,,,,,,,,,,,4700,,,,,,,,,,,,,,,,,,,,,,,,,,,,,,,,,,,,,,,,,,,,,,,,,,,,,,,,,,,,,,,,,,,,,,,,,,,,,,,,,,,,,,,,,,,,,,,,,,,,
77,"Thermal regime of warm-dry permafrost in relation to ground surface temperature in the Source Areas of the Yangtze and Yellow rivers on the Qinghai-Tibet Plateau, SW China",1,SCIENCE OF THE TOTAL ENVIRONMENT,2018,QTP (local),a,a,b,a,a,"b,c",c,Y,34-35,97-98,>4000 m a.s.l.,Mean annual air temperature,?3.19 ± 0.71 °C,2010-2016,Mean annual GST,?0.40± 1.26 °C,2010-2016,Relation between GST and MAAT,R squared = 0.8477,2010-2016,mean annual temperature at the bottom of the active layer,?0.72 ± 1.01 °C,2010-2016,Surface offset (MAGST–MAAT),2.54 ± 0.71 °C,2010-2016,Thermal offset (TTOP-MAGST),?0.17 ± 0.84 °C,2010-2016,,,,Multiple study sites mentioned in Table 1,,,,4272,4722,33.8,97.133333,4415,33.783333,97.15,4416,34.25,97.85,4722,34.916667,98.216667,4272,35.116667,97.733333,4303,34.7,97.316667,4369,35.033333,96.4,4435,35.016667,97.583333,4299,34.65,97.333333,4409,34.65,97.316667,4481,34.616667,97.333333,4421,,,,,,,,,,,,,,,,,,,,,,,,,,,,,,,,,,,,,,,,,,,,,,,,,,,,,,,,,,,,,,,,,,
78,Warming-induced shift towards forbs and grasses and its relation to the carbon sequestration in an alpine meadow,3,ENVIRONMENTAL RESEARCH LETTERS,2017,QTP (local),a,a,c,a,b,g,c,,Permafrost appears only in the discussion,,,,,,,,,,,,,,,,,,,,,,,,,,,,,,,,,,,,,,,,,,,,,,,,,,,,,,,,,,,,,,,,,,,,,,,,,,,,,,,,,,,,,,,,,,,,,,,,,,,,,,,,,,,,,,,,,,,,,,,,,,,,,,,,
79,Understanding Thermal Impact of Roads on Permafrost Using Normalized Spectral Entropy,1,SUSTAINABILITY,2019,QTEC,a,a,b,a,a,c,c,, 34–35.30°N,97.30–99.30°E,3521-6295,,,,,,,,,,,,,,,,,,,,,,,,,,,,,,,,,,,,,,,,,,,,,,,,,,,,,,,,,,,,,,,,,,,,,,,,,,,,,,,,,,,,,,,,,,,,,,,,,,,,,,,,,,,,,,,,,,,,,,,,,,,,,,
80,Permafrost and groundwater on the Qinghai-Tibet Plateau and in northeast China,1,HYDROGEOLOGY JOURNAL,2013,QTP,a,a,a,a,a,"b,c",a,,Multipe sites,Multipe sites,Multipe sites,,,,,,,,,,,,,,,,,,,,,,,,,,,,,,,,,,,,,,,,,,,,,,,,,,,,,,,,,,,,,,,,,,,,,,,,,,,,,,,,,,,,,,,,,,,,,,,,,,,,,,,,,,,,,,,,,,,,,,,,,,,,,,
81,Changes in the near-surface soil freeze-thaw cycle on the Qinghai-Tibetan Plateau,1,INTERNATIONAL JOURNAL OF APPLIED EARTH OBSERVATION AND GEOINFORMATION,2012,QTP,a,a,b,b,c,f,c,,25–40°N,74–105°E ,4500,,,,,,,,,,,,,,,,,,,,,,,,,,,,,,,,,,,,,,,,,,,,,,,,,,,,,,,,,,,,,,,,,,,,,,,,,,,,,,,,,,,,,,,,,,,,,,,,,,,,,,,,,,,,,,,,,,,,,,,,,,,,,,
82,"Characteristics of Asphalt Pavement Damage in Degrading Permafrost Regions: Case Study of the Qinghai-Tibet Highway, China",1,JOURNAL OF COLD REGIONS ENGINEERING,2018,QTEC,a,a,b,a,a,c,a,Y,33-36,92-94,4000 and above,most common forms of pavement damage in the permafrost regions,"transverse cracking (TC) (87%), potholes (64%), and longitudinal cracking (LC) (57%)",2014,orientation of the most severe cracking damage observed in roads,East-West,2014,,,,,,,,,,,,,damage to infrastructure (increasing),,,,,,,4000,,,,,,,,,,,,,,,,,,,,,,,,,,,,,,,,,,,,,,,,,,,,,,,,,,,,,,,,,,,,,,,,,,,,,,,,,,,,,,,,,,,,,,,,,,,,,,,,,,,,
83,Greenhouse gas released from the deep permafrost in the northern Qinghai-Tibetan Plateau,1,SCIENTIFIC REPORTS,2018,QTP (local),a,a,c,b,c,f,c,Y,38-39/Table 1 has multiple locations,99-101/Table 1 has multiple locations,>3600/Table 1 has multiple locations,carbon dioxide production at  -2°C  to 10°C,0.44~2.12 mg C-CO2/g soil C,2012-2014,Nitrous oxide production at -2°C to 10°C,0.0027~0.097 mg N-N2O/g soil N,2012-2014,methane production at -2°C to 10°C,0.14~5.88?g C-CH4/g soil C,2012-2014,temperature sensitivity (Q10) values of the CO2 production,1.67–4.15 ,2012-2014,temperature sensitivity (Q10) values of the  N2O production ,3.26–5.60 ,2012-2014,temperature sensitivity (Q10) values of the CH4 production  , 5.22–10.85,2012-2014,,,,,,,,3691,4135,38.9548,98.9627,4153,38.903,98.963,3970,37.9979,100.9163,3691,,,,,,,,,,,,,,,,,,,,,,,,,,,,,,,,,,,,,,,,,,,,,,,,,,,,,,,,,,,,,,,,,,,,,,,,,,,,,,,,,,,,,,,,,,
84,Long-term thermal effect of asphalt pavement on permafrost under an embankment,1,COLD REGIONS SCIENCE AND TECHNOLOGY,2010,QTEC,a,a,b,b,c,f,c,Y,31-36,91-95,>4700,Soil temperatures at 1.0 m depth under asphalt pavement in the northern areas of the Tanggula Mountains ,significantly increasing trend,1996 - 2007,Soil temperatures at 1.0 m depth under asphalt pavement in the southern Tanggula Mountains ,significantly decreasing trend,1996 - 2007,,,,,,,,,,,,,soil temperature (increasing for northern quadrant and decreasing for southern quadrant),,,,,,,4482,4997,35.396944,93.533611,4482,35.126667,93.036667,4707,34.69,92.891667,4938,32.708333,91.871111,4997,32.4925,91.821389,4873,32.383333,91.7075,4786,,,,,,,,,,,,,,,,,,,,,,,,,,,,,,,,,,,,,,,,,,,,,,,,,,,,,,,,,,,,,,,,,,,,,,,,,,,,,,,,,
85,Numerical Modeling of the Active Layer Thickness and Permafrost Thermal State Across Qinghai-Tibetan Plateau,1,JOURNAL OF GEOPHYSICAL RESEARCH-ATMOSPHERES,2017,QTP,a,a,b,b,c,f,c,Y,Information about 4 sites in Table 1 & Table 2,,,average active layer thickness on QTP,2.30 m (2.21–2.40 m),,,,,,,,,,,,,,,,,active layer thickness (increasing),,,Information about multiple sites and multiple variables available in different tables in the paper,,,,4650,4734,35.14,93.04,4734,34.82,92.92,4656,33.96,92.34,4652,33.77,92.24,4650,,,,,,,,,,,,,,,,,,,,,,,,,,,,,,,,,,,,,,,,,,,,,,,,,,,,,,,,,,,,,,,,,,,,,,,,,,,,,,,,,,,,,,,
86,Pedogenesis and physicochemical parameters influencing soil carbon and nitrogen of alpine meadows in permafrost regions in the northeastern Qinghai-Tibetan Plateau,1,CATENA,2016,QTP (Qilian Shan),a,a,c,b,c,f,c,Y,37° 59' 30'' -30° 0' 30'',100° 54' - 100° 56' ,3700,The average water-soluble organic carbon (WSOC) content in the permafrost layer compared to the active layer   ,higher  in permafrost than in active layer,,,,,,,,,,,,,,,,,,,,,,,,3615,3700,37.997222,100.916667,3700,38.002778,100.905556,3615,,,,,,,,,,,,,,,,,,,,,,,,,,,,,,,,,,,,,,,,,,,,,,,,,,,,,,,,,,,,,,,,,,,,,,,,,,,,,,,,,,,,,,,,,,,,,
87,Recent permafrost warming on the Qinghai-Tibetan plateau,1,JOURNAL OF GEOPHYSICAL RESEARCH-ATMOSPHERES,2008,QTP,a,a,b,a,a,b,c,Y,31-36,91-95,4482-4997, mean annual permafrost temperatures at 6.0 m depth,from -0.19C to 3.43C,1996-2006,average annual permafrost temperature  at 6.0 m depth,-1.55 C,1996-2006,increase in mean annual permafrost temperatures at 6.0 m depth,0.12C to 0.67C,1996-2006,average increase in mean annual permafrost temperatures at 6.0 m depth,0.43 C,1996-2006,increase in mean annual air temperatures,0.6C to 1.6C,1996-2006,increase in winter air temperature,2.9C to 4.2C,1995-2005,"permafrost temperature (increasing), air temperature (increasing)",,,Information about multiple sites available in the paper,,,,4482,4997,35.632778,94.071667,4770,35.62,94.070278,4759,35.513889,93.734722,4552,35.396944,93.533611,4482,35.23,93.085,4610,35.126667,93.036667,4707,34.69,92.891667,4938,32.708333,91.871111,4997,32.4925,91.821389,4873,32.383333,91.7075,4786,,,,,,,,,,,,,,,,,,,,,,,,,,,,,,,,,,,,,,,,,,,,,,,,,,,,,,,,,,,,,,,,,,,,,
88,Time-Series InSAR Monitoring of Permafrost Freeze-Thaw Seasonal Displacement over Qinghai-Tibetan Plateau Using Sentinel-1 Data,1,REMOTE SENSING,2019,QTP,a,a,b,b,c,f,c,Y,34.204–35.836,90.715–93.751,4400 to 5455 m,seasonal oscillations,from 2 mm to 30 mm,28 November 2017 to 29 December 2018,,,,,,,,,,,,,,,,,,,,,,,4400,5455,,,,,,,,,,,,,,,,,,,,,,,,,,,,,,,,,,,,,,,,,,,,,,,,,,,,,,,,,,,,,,,,,,,,,,,,,,,,,,,,,,,,,,,,,,,,,,,,,,,
89,"Variation in soil hydrological properties on shady and sunny slopes in the permafrost region, Qinghai-Tibetan Plateau",1,ENVIRONMENTAL EARTH SCIENCES,2019,QTP (local),a,a,"a,b,c",b,c,f,c,Y,34°43?57?,92°54?17?,4678 to 4897 m,soil water content of sunny slopes , 20.9% less than that of shady slopes,2016-2017,soil-saturated water content of sunny slopes ,12.2% less than that of shady slopes,2016-2017,soil water content of sunny slopes at ?0.3 Mpa and ?0.7 Mpa matric potential,23.5% and 21.4% less than that of shady slopes,2016-2017,,,,,,,,,,permafrost degradation (Increasing),vegetation coverage (decreasing) and soil desertification (increasing),,,,,,4678,4897,,,,,,,,,,,,,,,,,,,,,,,,,,,,,,,,,,,,,,,,,,,,,,,,,,,,,,,,,,,,,,,,,,,,,,,,,,,,,,,,,,,,,,,,,,,,,,,,,,,
90,Modeling permafrost properties in the Qinghai-Xizang (Tibet) Plateau,1,SCIENCE CHINA-EARTH SCIENCES,2015,QTP (local),a,a,b,b,c,f,c,Y,33°04?N ,91°56?E,5100 m,projected increase of the active layer thickness due to 1° C and 2°C warming,from the current 330 cm to approximately 350–390 cm,2007-2008,,,,,,,,,,,,,,,,active layer thickness (increasing),,,,,,5100,,,,,,,,,,,,,,,,,,,,,,,,,,,,,,,,,,,,,,,,,,,,,,,,,,,,,,,,,,,,,,,,,,,,,,,,,,,,,,,,,,,,,,,,,,,,,,,,,,,,,
91,Changes of the cryosphere and related geohazards in the High-Mountain areas of Tajikistan and Austria: a comparison,3,GEOGRAFISKA ANNALER SERIES A-PHYSICAL GEOGRAPHY,2012,Pamir,a,a,"a,b",b,c,f,b,,Permafrost appears only in the discussion,,,,,,,,,,,,,,,,,,,,,,,,,,,,,,,,,,,,,,,,,,,,,,,,,,,,,,,,,,,,,,,,,,,,,,,,,,,,,,,,,,,,,,,,,,,,,,,,,,,,,,,,,,,,,,,,,,,,,,,,,,,,,,,,
92,Global warming accelerates the upfreezing of permafrost in arid middle Tianshan Mountains,1,CHINESE SCIENCE BULLETIN,2013,Tien Shan,a,a,b,b,c,f,c,Y,43°06?N,86°50?E,4100–4300 m a.s.l.,the intensity of upfreezing is the highest,within the top 25 cm near the surface,1992-2008, targets that are least affected by upfreezing, targets with a diameter of 3 cm,1992-2008,,,,,,,,,,,,,upfreezing (increasing),,,,,,,4100,4300,,,,,,,,,,,,,,,,,,,,,,,,,,,,,,,,,,,,,,,,,,,,,,,,,,,,,,,,,,,,,,,,,,,,,,,,,,,,,,,,,,,,,,,,,,,,,,,,,,,
93,Melting and shrinkage of cryosphere in Tibet and its impact on the ecological environment,3,JOURNAL OF ARID LAND,2011,QTP,a,a,"a,b,c",b,c,f,c,,Permafrost appears only in the discussion,,,,,,,,,,,,,,,,,,,,,,,,,,,,,,,,,,,,,,,,,,,,,,,,,,,,,,,,,,,,,,,,,,,,,,,,,,,,,,,,,,,,,,,,,,,,,,,,,,,,,,,,,,,,,,,,,,,,,,,,,,,,,,,,
94,"Climatic and associated cryospheric, biospheric, and hydrological changes on the Tibetan Plateau: a review",3,INTERNATIONAL JOURNAL OF CLIMATOLOGY,2018,QTP,a,a,"a,c",b,c,f,c,,Review work/Permafrost appears only in the discussion,,,,,,,,,,,,,,,,,,,,,,,,,,,,,,,,,,,,,,,,,,,,,,,,,,,,,,,,,,,,,,,,,,,,,,,,,,,,,,,,,,,,,,,,,,,,,,,,,,,,,,,,,,,,,,,,,,,,,,,,,,,,,,,,
95,Decreasing alpine tundra climatic type with global warming in the Tibetan Plateau,3,THEORETICAL AND APPLIED CLIMATOLOGY,2019,QTP,a,a,c,b,c,f,c,,Permafrost appears only in the discussion,,,,,,,,,,,,,,,,,,,,,,,,,,,,,,,,,,,,,,,,,,,,,,,,,,,,,,,,,,,,,,,,,,,,,,,,,,,,,,,,,,,,,,,,,,,,,,,,,,,,,,,,,,,,,,,,,,,,,,,,,,,,,,,,
96,Reduced winter runoff in a mountainous permafrost region in the northern Tibetan Plateau,1,COLD REGIONS SCIENCE AND TECHNOLOGY,2016,QTP (Qilian Shan),a,a,a,b,c,f,c,Y,38-39,98-100,2847 to 4876 m a.s.l.,annual surface ground temperature,a large increase,1979 to 2006,"the ratio of maximum and minimum  discharge, the recession coefficient and baseflow separation, and the reduced winter runoff",significantly correlated with thawing of permafrost.,1979 to 2006,,,,,,,,,,,,,,,,,,,,,,,,,,,,,,,,,,,,,,,,,,,,,,,,,,,,,,,,,,,,,,,,,,,,,,,,,,,,,,,,,,,,,,,,,,,,,,,,,,,,,,,,,,,,,,,,,,,,,,,,
97,Evolutions of water stable isotopes and the contributions of cryosphere to the alpine river on the Tibetan Plateau,1,ENVIRONMENTAL EARTH SCIENCES,2016,QTP (local),a,a,a,b,c,f,c,Y,38-39,98-100,2847 to 4876 m a.s.l.,annual surface ground temperature,a large increase,1979 to 2006,"the ratio of maximum and minimum  discharge, the recession coefficient and baseflow separation, and the reduced winter runoff",significantly correlated with thawing of permafrost.,1979 to 2006,,,,,,,,,,,,,winter runoff in mountainous permafrost region (decreasing),,,,,,,2847,4876,38.24,99.99,2816,,,,,,,,,,,,,,,,,,,,,,,,,,,,,,,,,,,,,,,,,,,,,,,,,,,,,,,,,,,,,,,,,,,,,,,,,,,,,,,,,,,,,,,,,,,,,,,,
98,"Hydrological effects of alpine permafrost in the headwaters of the Urumqi River, Tianshan Mountains",1,SCIENCES IN COLD AND ARID REGIONS,2016,Tien Shan,a,a,a,b,c,f,c,Y,32-36,92-95,4700 to 5000 m a.s.l.,contribution from meltwater of glacier to river runoff,0.5664,2013,contribution from meltwater of subsurface ground ice to river runoff,0.3744,2013,contribution from precipitation to river runoff ,0.0592,2013,maximum contribution to river runoff from melting glaciers and thawing permafrost,0.94,2013,,,,,,,contribution to river runoff from thawing permafrost (increasing),,,,,,,4550,4900,35.704,94.057,4569,,,,,,,,,,,,,,,,,,,,,,,,,,,,,,,,,,,,,,,,,,,,,,,,,,,,,,,,,,,,,,,,,,,,,,,,,,,,,,,,,,,,,,,,,,,,,,,,
99,"Climate background, fact and hydrological effect of multiphase water transformation in cold regions of the Western China: A review",1,EARTH-SCIENCE REVIEWS,2019,China,a,a,a,b,c,f,c,,36–43° N,92–107° E,2000–5000 m,,,,,,,,,,,,,,,,,,,,,,,,,,,,,,,,,,,,,,,,,,,,,,,,,,,,,,,,,,,,,,,,,,,,,,,,,,,,,,,,,,,,,,,,,,,,,,,,,,,,,,,,,,,,,,,,,,,,,,,,,,,,,,
100,Response of low flows under climate warming in high-altitude permafrost regions in western China,2,HYDROLOGICAL PROCESSES,2019,Western China,a,a,a,b,c,f,c,,Table 1/Fig. 1-multiple locations,Table 1/Fig. 1-multiple locations,Table 1/Fig. 1-multiple locations,,,,,,,,,,,,,,,,,,,,,,,,,,,,,,,,,,,,,,,,,,,,,,,,,,,,,,,,,,,,,,,,,,,,,,,,,,,,,,,,,,,,,,,,,,,,,,,,,,,,,,,,,,,,,,,,,,,,,,,,,,,,,,
101,"Climatic and geologic controls on suspended sediment flux in the Sutlej River Valley, western Himalaya",3,HYDROLOGY AND EARTH SYSTEM SCIENCES,2012,HKH,a,a,"a,b",b,c,f,c,,Permafrost appears only in the discussion,,,,,,,,,,,,,,,,,,,,,,,,,,,,,,,,,,,,,,,,,,,,,,,,,,,,,,,,,,,,,,,,,,,,,,,,,,,,,,,,,,,,,,,,,,,,,,,,,,,,,,,,,,,,,,,,,,,,,,,,,,,,,,,,
102,Frozen soil change and adaptation of animal husbandry: a case of the source regions of Yangtze and Yellow Rivers,3,ENVIRONMENTAL SCIENCE & POLICY,2011,QTP (local),a,a,c,a,a,"a,b,c,d",a,,Permafrost appears only in the discussion,,,,,,,,,,,,,,,,,,,,,,,,,,,,,,,,,,,,,,,,,,,,,,,,,,,,,,,,,,,,,,,,,,,,,,,,,,,,,,,,,,,,,,,,,,,,,,,,,,,,,,,,,,,,,,,,,,,,,,,,,,,,,,,,
103,Spatial and temporal of variations of alpine vegetation cover in the source regions of the Yangtze and Yellow Rivers of the Tibetan Plateau from 1982 to 2001,3,ENVIRONMENTAL GEOLOGY,2006,QTP (local),a,a,"a,c",b,c,f,c,,Permafrost appears only in the discussion,,,,,,,,,,,,,,,,,,,,,,,,,,,,,,,,,,,,,,,,,,,,,,,,,,,,,,,,,,,,,,,,,,,,,,,,,,,,,,,,,,,,,,,,,,,,,,,,,,,,,,,,,,,,,,,,,,,,,,,,,,,,,,,,
104,Three-dimensional distribution of permafrost and responses to increasing air temperatures in the head waters of the Yellow River in High Asia,1,SCIENCE OF THE TOTAL ENVIRONMENT,2019,QTP (local),a,a,a,b,c,f,c,,32°20?–36°10? N,95°50?– 103°30? E,3000 to 6253 m above sea level,,,,,,,,,,,,,,,,,,,,,,,,,,,,,,,,,,,,,,,,,,,,,,,,,,,,,,,,,,,,,,,,,,,,,,,,,,,,,,,,,,,,,,,,,,,,,,,,,,,,,,,,,,,,,,,,,,,,,,,,,,,,,,
105,A review of groundwater in high mountain environments,1,WILEY INTERDISCIPLINARY REVIEWS-WATER,2020,Global,a,a,a ,a,"a,b","a,b,c,g",c,,NA,NA,NA,,,,,,,,,,,,,,,,,,,,,,,,,,,,,,,,,,,,,,,,,,,,,,,,,,,,,,,,,,,,,,,,,,,,,,,,,,,,,,,,,,,,,,,,,,,,,,,,,,,,,,,,,,,,,,,,,,,,,,,,,,,,,,
106,"A review of recent frozen soil engineering in permafrost regions along Qinghai?Tibet Highway, China",1,PERMAFROST AND PERIGLACIAL PROCESSES,2002,QTEC,a,a,b,a,b,"b,c",a,,NA,NA,NA,,,,,,,,,,,,,,,,,,,,,,,,,,,,,,,,,,,,,,,,,,,,,,,,,,,,,,,,,,,,,,,,,,,,,,,,,,,,,,,,,,,,,,,,,,,,,,,,,,,,,,,,,,,,,,,,,,,,,,,,,,,,,,
107,Acceleration of thaw slump during 1997-2017 in the Qilian Mountains of the northern Qinghai-Tibetan plateau,1,LANDSLIDES,2020,QTP (Qilian Shan),a,a,b,b,c,f,c,Y,38°N,100.9°E,3336 to 3897 m,total thaw slump events,15,1969-2017,area of thaw slump events,0.03 km2,1969-2017,average increase rates of thaw slump areas,61.8 m2/yr,1997-2009,average increase rates of thaw slump areas,60 m2/yr,2009-2015,average increase rates of thaw slump areas,156.8 m2/yr,2015-2017,,,,thaw slump areas (increasing),,,,,,,3336,3897,,,,,,,,,,,,,,,,,,,,,,,,,,,,,,,,,,,,,,,,,,,,,,,,,,,,,,,,,,,,,,,,,,,,,,,,,,,,,,,,,,,,,,,,,,,,,,,,,,,
108,"Active rock glaciers and the lower limit of discontinuous alpine permafrost, Khumbu Himalaya, Nepal",1,PERMAFROST AND PERIGLACIAL PROCESSES,1992,HKH,b,b,e,b,c,f,c,Y,27° 55' N,86° 50'  E,4900 m asl and above,lower limit of discontinuous alpine permafrost,5560-5360 m asl,1992,lower limit of discontinuous alpine permafrost (west facing slopes),4959-5050 m asl,1992,,,,,,,,,,,,,NA,NA,NA,climate change not mentioned,,,,4900,,,,,,,,,,,,,,,,,,,,,,,,,,,,,,,,,,,,,,,,,,,,,,,,,,,,,,,,,,,,,,,,,,,,,,,,,,,,,,,,,,,,,,,,,,,,,,,,,,,,
109,"Air Temperature Regulates Erodible Landscape, Water, and Sediment Fluxes in the Permafrost-Dominated Catchment on the Tibetan Plateau",1,WATER RESOURCES RESEARCH,2021,QTP (local),a,a,b,b,c,f,c,Y,34.233128,92.445778,4500,increasing sediments with increasing T from thawing permafrost,,1985 - 2017,,,,,,,,,,,,,,,,,,,,,,4500,,,,,,,,,,,,,,,,,,,,,,,,,,,,,,,,,,,,,,,,,,,,,,,,,,,,,,,,,,,,,,,,,,,,,,,,,,,,,,,,,,,,,,,,,,,,,,,,,,,,,
110,Application of refraction seismics in alpine permafrost studies: A review,4,EARTH SCIENC REVIEWS,2016,NA,,,,,,,,,,,,,,,,,,,,,,,,,,,,,,,,,,,,,,,,,,,,,,,,,,,,,,,,,,,,,,,,,,,,,,,,,,,,,,,,,,,,,,,,,,,,,,,,,,,,,,,,,,,,,,,,,,,,,,,,,,,,,,,,,,,,,,,,,
111,Assessment of permafrost distribution maps in the Hindu Kush Himalayan region using rock glaciers mapped in Google Earth,1,THE CRYOSPHERE,2015,HKH,a,b,e,b,c,f,c,Y,15.95° to 39.31°N,60.85° to 105.04°E,above 3500 m a.s.l.,minimum elevation of rock glaciers,between 3500 and 5500 m a.s.l,NA,,,,,,,,,,,,,,,,NA,NA,NA,,,,,3500,,,,,,,,,,,,,,,,,,,,,,,,,,,,,,,,,,,,,,,,,,,,,,,,,,,,,,,,,,,,,,,,,,,,,,,,,,,,,,,,,,,,,,,,,,,,,,,,,,,,
112,"Assessment of rock glaciers and permafrost distribution in Uttarakhand, India",1,PERMAFROST AND PERIGLACIAL PROCESSES,2019,HKH,a,b,e,b,c,f,c,Y,28°40?–31°29?N,77°35?–81°05? E,above 3500 m a.s.l.,Median elevation of intact rock glaciers,4600 m a.s.l.,NA,Total number of rock glaciers in Uttarakhand ,1004,NA,,,,,,,,,,,,,NA,NA,NA,,,,,3500,,,,,,,,,,,,,,,,,,,,,,,,,,,,,,,,,,,,,,,,,,,,,,,,,,,,,,,,,,,,,,,,,,,,,,,,,,,,,,,,,,,,,,,,,,,,,,,,,,,,
113,Assimilation of Satellite-Based Snow Cover and Freeze/Thaw Observations Over High Mountain Asia,4,FRONTIERS IN EARTH SCIENCE,2019,NA,,,,,,,,,,,,,,,,,,,,,,,,,,,,,,,,,,,,,,,,,,,,,,,,,,,,,,,,,,,,,,,,,,,,,,,,,,,,,,,,,,,,,,,,,,,,,,,,,,,,,,,,,,,,,,,,,,,,,,,,,,,,,,,,,,,,,,,,,
114,"Bellwether sites for evaluating changes in landslide frequency and magnitude in cryospheric mountainous terrain: a call for systematic, long-term observations to decipher the impact of climate change",4,LANDSLIDES,2020,NA,"I WOULD LEAVE THIS AS A POTENTIAL FUTURE OUTLOOK, BUT NOTHING TO REVIEW HERE",,,,,,,,,,,,,,,,,,,,,,,,,,,,,,,,,,,,,,,,,,,,,,,,,,,,,,,,,,,,,,,,,,,,,,,,,,,,,,,,,,,,,,,,,,,,,,,,,,,,,,,,,,,,,,,,,,,,,,,,,,,,,,,,,,,,,,,,
115,Biophysical permafrost map indicates ecosystem processes dominate permafrost stability in the Northern Hemisphere,1,ENVIRONMENTAL RESEARCH LETTERS,2021,Global,a,a,c,a,"a,b",f,c,,NA,NA,NA,,,,,,,,,,,,,,,,,,,,,,,,,,,,,,,,,,,,,,,,,,,,,,,,,,,,,,,,,,,,,,,,,,,,,,,,,,,,,,,,,,,,,,,,,,,,,,,,,,,,,,,,,,,,,,,,,,,,,,,,,,,,,,
116,Brief communication: Evaluation and inter-comparisons of Qinghai–Tibet Plateau permafrost maps based on a new inventory of field evidence,1,THE CRYOSPHERE,2019,QTP,b,b,e,b,c,f,c,,NA,NA,NA,,,,,,,,,,,,,,,,,,,,,,,,,,,,,,,,,,,,,,,,,,,,,,,,,,,,,,,,,,,,,,,,,,,,,,,,,,,,,,,,,,,,,,,,,,,,,,,,,,,,,,,,,,,,,,,,,,,,,,,,,,,,,,
117,Changes in the global cryosphere and their impacts: A review and new perspective,4,SCIENCES IN COLD AND ARID REGIONS,2020,NA,,,,,,,,,,,,,,,,,,,,,,,,,,,,,,,,,,,,,,,,,,,,,,,,,,,,,,,,,,,,,,,,,,,,,,,,,,,,,,,,,,,,,,,,,,,,,,,,,,,,,,,,,,,,,,,,,,,,,,,,,,,,,,,,,,,,,,,,,
118,"Changes in the lower limit of mountain permafrost between 1973 and 2004 in the Khumbu Himal, the Nepal Himalayas",1,GLOBAL AND PLANETARY CHANGE,2007,HKH,a,a,b,b,c,f,c,Y,27°55',86°49',4000-4900,lower permafrost limit,5200 - 5400 - 5400,1973 - 1991 - 2004,,,,,,,,,,,,,,,,"greater warming in Himalaya than on the Tibetan plateau, considering the lower limit rises faster",,,,,,,4000,4900,,,,,,,,,,,,,,,,,,,,,,,,,,,,,,,,,,,,,,,,,,,,,,,,,,,,,,,,,,,,,,,,,,,,,,,,,,,,,,,,,,,,,,,,,,,,,,,,,,,
119,Changes in the permafrost temperatures from 2003 to 2015 in the Qinghai-Tibet Plateau,1,COLD REGIONS SCIENCE AND TECHNOLOGY,2020,QTEC,a,a,b,b,c,f,c,Y,34° 20' N,92° 52'  E,NA,soil temperature 10m,0.14?°C decade?1 at 10?m depth,2003 - 2015,soil temperature 20m,0.11?°C decade?1 at 20?m depth,2003 - 2015,soil temperature 30m,0.09?°C decade?1 at 30?m depth,2003 - 2015,permafrost thickness,2.1 to 0.8 m,2003 - 2015,,,,,,,,,,,,,4800,,,,,,,,,,,,,,,,,,,,,,,,,,,,,,,,,,,,,,,,,,,,,,,,,,,,,,,,,,,,,,,,,,,,,,,,,,,,,,,,,,,,,,,,,,,,,,,,,,,,,
120,Characteristics of dissolved organic carbon and nitrogen in precipitation in the northern Tibetan Plateau,4,SCIENCE OF THE TOTAL ENVIRONMENT,2021,NA,,,,,,,,,,,,,,,,,,,,,,,,,,,,,,,,,,,,,,,,,,,,,,,,,,,,,,,,,,,,,,,,,,,,,,,,,,,,,,,,,,,,,,,,,,,,,,,,,,,,,,,,,,,,,,,,,,,,,,,,,,,,,,,,,,,,,,,,,
121,"Characteristics of the pore structure of natural gas hydrate reservoir in the Qilian Mountain Permafrost, Northwest China",4,,,NA,,,,,,,,,,,,,,,,,,,,,,,,,,,,,,,,,,,,,,,,,,,,,,,,,,,,,,,,,,,,,,,,,,,,,,,,,,,,,,,,,,,,,,,,,,,,,,,,,,,,,,,,,,,,,,,,,,,,,,,,,,,,,,,,,,,,,,,,,
122,Classification of slope processes based on multitemporal DInSAR analyses in the Himalaya of NW Bhutan,1,REMOTE SENSING OF ENVIRONMENT,2019,HKH,a,a,b,b,c,f,c,Y,27.8,89.8,NA,slope movement due to active layer change,10 mm,2007 - 2011,,,,,,,,,,,,,,,,,,,,,,,,,,,,,,,,,,,,,,,,,,,,,,,,,,,,,,,,,,,,,,,,,,,,,,,,,,,,,,,,,,,,,,,,,,,,,,,,,,,,,,,,,,,,,,,,,,,,,,,,,,,
123,"Climate controls and high?altitude permafrost, qinghai?xizang (tibet) Plateau, China",1,PERMAFROST AND PERIGLACIAL PROCESSES,1994,QTEC,a,a,b,b,c,f,c,Y,34° 20' N,92° 52'  E,NA,borehole temperatures,1979 - 1994,increase by 0.2C - 0.3C/year at 20m depth,,,,,,,,,,,,,,,,,,,,,,4800,,,,,,,,,,,,,,,,,,,,,,,,,,,,,,,,,,,,,,,,,,,,,,,,,,,,,,,,,,,,,,,,,,,,,,,,,,,,,,,,,,,,,,,,,,,,,,,,,,,,,
124,"Climatic limits to headwall retreat in the Khumbu Himalaya, eastern Nepal",4,GEOLOGY,2014,NA,NO,,,,,,,,27.75,86.45,NA,,,,,,,,,,,,,,,,,,,,,,,,,,,,,,,,,,,,,,,,,,,,,,,,,,,,,,,,,,,,,,,,,,,,,,,,,,,,,,,,,,,,,,,,,,,,,,,,,,,,,,,,,,,,,,,,,,,,,,,,,,,,,,
125,Consistent long-term Holocene warming trend at different elevations in the Altai Mountains in arid central Asia,1,JOURNAL OF QUATERNARY SCIENCE,2020,Altai,a,b,e,b,c,f,c,Y,48°48?,86°55?,1763,warming,,last 4000 years,,,,,,,,,,,,,,,,,,,,,,1763,,,,,,,,,,,,,,,,,,,,,,,,,,,,,,,,,,,,,,,,,,,,,,,,,,,,,,,,,,,,,,,,,,,,,,,,,,,,,,,,,,,,,,,,,,,,,,,,,,,,,
126,Cryospheric change in China,1,GLOBAL AND PLANETARY CHANGE,2008,China,a,a,a,b,c,f,c,,NA,NA,NA,,,,,,,,,,,,,,,,,,,,,,,,,,,,,,,,,,,,,,,,,,,,,,,,,,,,,,,,,,,,,,,,,,,,,,,,,,,,,,,,,,,,,,,,,,,,,,,,,,,,,,,,,,,,,,,,,,,,,,,,,,,,,,
127,Cryospheric water regime by its functions and services in China,1,ADVANCES IN CLIMATE CHANGE RESEARCH,2021,China,a,a,"a,c",b,c,f,c,,NA,NA,NA,,,,,,,,,,,,,,,,,,,,,,,,,,,,,,,,,,,,,,,,,,,,,,,,,,,,,,,,,,,,,,,,,,,,,,,,,,,,,,,,,,,,,,,,,,,,,,,,,,,,,,,,,,,,,,,,,,,,,,,,,,,,,,
128,Degrading permafrost and its impacts,4,ADVANCES IN CLIMATE CHANGE RESEARCH,2021,NA,,,,,,,,,,,,,,,,,,,,,,,,,,,,,,,,,,,,,,,,,,,,,,,,,,,,,,,,,,,,,,,,,,,,,,,,,,,,,,,,,,,,,,,,,,,,,,,,,,,,,,,,,,,,,,,,,,,,,,,,,,,,,,,,,,,,,,,,,
129,Dissolved organic carbon transport in the Qilian mountainous areas of China,1,HYDROLOGICAL PROCESSES,2020,QTP (Qilian Shan),a,a,c,b,c,f,c,Y,37.5 - 38°N,101° 40'-102°20',1900-4940,Range of  DOC concentration,0.324 to 1.892 mg/L,2017-2018,DOC concentration in summer and autumn,88.3% of total DOC,2017-2018,,,,,,,,,,,,,,DOC concentration (seasonally changing),,precipitation runoff has higher concentration compared to meltwater runoff,larger runoff causes higher DOC concentration,,,1900,4940,37.93,102.26,2097,37.83,102.01,2323,37.72,101.93,2721,37.64,101.85,3553,,,,,,,,,,,,,,,,,,,,,,,,,,,,,,,,,,,,,,,,,,,,,,,,,,,,,,,,,,,,,,,,,,,,,,,,,,,,,,,,,,,,,,,
130,Distribution and Monitoring of Permafrost in Central and Eastern Asia,4,,2007,NA,,,,,,,,,,,,,,,,,,,,,,,,,,,,,,,,,,,,,,,,,,,,,,,,,,,,,,,,,,,,,,,,,,,,,,,,,,,,,,,,,,,,,,,,,,,,,,,,,,,,,,,,,,,,,,,,,,,,,,,,,,,,,,,,,,,,,,,,,
131,Distribution of permafrost in China: an overview of existing permafrost maps,3,PERMAFROST AND PERIGLACIAL PROCESSES,2012,China,a,b,e,a,a,"b,d",c,,Review of maps of permafrost in China/ Study area includes areas outside of HMA,,,,,,,,,,,,,,,,,,,,,,,,,,,,,,,,,,,,,,,,,,,,,,,,,,,,,,,,,,,,,,,,,,,,,,,,,,,,,,,,,,,,,,,,,,,,,,,,,,,,,,,,,,,,,,,,,,,,,,,,,,,,,,,,
132,Effect of decreasing soil frozen depth on vegetation growth in the source region of the Yellow River for 1982-2015,1,THEORETICAL AND APPLIED CLIMATOLOGY,2020,QTP (local),a,a,c,a,a,"a,c",a,Y,32°10?-36°59’ N,95°54?-103°24? E,2427-6248,soil frozen depth,decreasing rate: 6.01 cm/10a,1982-2015,areal extent of SFD greater than 160 cm,decrease in area: 26.3%,1982-2015,NDVI in growing season,discontinuously increase at a rate of 0.003/10a,1982-2015,NDVI in growing season,increase,1982-2000,NDVI in growing season,decrease,2001-2015,,,,soil frozen depth (decreasing),greening (increasing until 2000; then decreasing),grazing livestock (increasing until 2000; then decreasing due to restoration programs),Restoration programs adapted by government to prevent greening,,JUST CLIMATE DATA,,2427,6248,,,,,,,,,,,,,,,,,,,,,,,,,,,,,,,,,,,,,,,,,,,,,,,,,,,,,,,,,,,,,,,,,,,,,,,,,,,,,,,,,,,,,,,,,,,,,,,,,,,
133,Effect of permafrost degradation on hydrological processes in typical basins with various permafrost coverage in Western China,1,SCIENCE CHINA EARTH SCIENCES,2010,China,a,a,a,b,c,f,c,,NA,NA,NA,,,,,,,,,,,,,,,,,,,,,,,,,,,,,,,,,,,,,,,,,,,,,,,,,,,,,,,,,,,,,,,,,,,,,,,,,,,,,,,,,,,,,,,,,,,,,,,,,,,,,,,,,,,,,,,,,,,,,,,,,,,,,,
134,"Effects of permafrost thawing on vegetation and soil carbon pool losses on the Qinghai–Tibet Plateau, China",1,GEODERMA,2007,QTP,a,a,c,b,c,f,c,Y,32°30?–35°40?,90°30?–95°35? E,NA, loss in Soil Organic Carbon,1.8 Gg C (120 Mg C/yr),1986-2000,decrease in light fraction organic carbon in 0-0.30 m soil layer,0.65,1986-2000,,,,,,,,,,,,,vegetative cover (decreasing),soil organic carbon (decreasing),,,,,,,,,,,,,,,,,,,,,,,,,,,,,,,,,,,,,,,,,,,,,,,,,,,,,,,,,,,,,,,,,,,,,,,,,,,,,,,,,,,,,,,,,,,,,,,,,,,,,,,,,,
135,Estimating interaction between surface water and groundwater in a permafrost region of the northern Tibetan Plateau using heat tracing method,4,SCIENCES IN COLD AND ARID REGIONS,2020,NA,a,a,a,b,c,f,c,,38°–39°,99°–100°,2615 to 4876 m a.s.l,,,,,,,,,,,,,,,,,,,,,,,,,,,,,,,,,,,,,,,,,,,,,,,,,,,,,,,,,,,,,,,,,,,,,,,,,,,,,,,,,,,,,,,,,,,,,,,,,,,,,,,,,,,,,,,,,,,,,,,,,,,,,,
136,"Evaluation and analysis of SMAP, AMSR2 and MEaSUREs freeze/thaw products in China",1,REMOTE SENSING OF ENVIRONMENT,2020,QTP,a,a,b,a,a,b,c,,20°–35°,84°–105°,NA,,,,,,,,,,,,,,,,,,,,,,,,,,,,,,,,,,,,,,,,,,,,,,,,,,,,,,,,,,,,,,,,,,,,,,,,,,,,,,,,,,,,,,,,,,,,,,,,,,,,,,,,,,,,,,,,,,,,,,,,,,,,,,
137,Exceptional increases in fluvial sediment fluxes in a warmer and wetter High Mountain Asia,1,SCIENCE,2021,HMA,a,a,"a,b",a,a,"b,c,d",b,,20°–40°,75°–105°,NA,,,,,,,,,,,,,,,,,,,,,,,,,,,,,,,,,,,,,,,,,,,,,,,,,,,,,,,,,,,,,,,,,,,,,,,,,,,,,,,,,,,,,,,,,,,,,,,,,,,,,,,,,,,,,,,,,,,,,,,,,,,,,,
138,"Experimental and numerical investigation on the sunny-shady slopes effect of three cooling embankments along an expressway in warm permafrost region, China",1,ENGINEERING GEOLOGY,2020,QTEC,a,a,b,a,a,"b,c",a,Y,32°30?–37°,98°–102°,4200-4400,,,,,,,,,,,,,,,,,,,permafrost warming (increasing),,construction of infrastructure to prevent damage from warming permafrost (increasing),,,,,4200,4400,,,,,,,,,,,,,,,,,,,,,,,,,,,,,,,,,,,,,,,,,,,,,,,,,,,,,,,,,,,,,,,,,,,,,,,,,,,,,,,,,,,,,,,,,,,,,,,,,,,
139,Exploring annual lake dynamics in Xinjiang (China): spatiotemporal features and driving climate factors from 2000 to 2019,1,CLIMATIC CHANGE,2021,Xinjiang,a,a,a,a,a,b,c,,34° 15?–49° 10? N,73° 20?– 92° 25? E,3000-5000,,,,,,,,,,,,,,,,,,,,,,,,,,,,,,,,,,,,,,,,,,,,,,,,,,,,,,,,,,,,,,,,,,,,,,,,,,,,,,,,,,,,,,,,,,,,,,,,,,,,,,,,,,,,,,,,,,,,,,,,,,,,,,
140,Focus on Thermokarst Lakes in Indian Himalaya: Inception and Implication under Warming Climate,4,JOURNAL OF CLIMATE CHANGE,2020,NA,a,a,"a,c",b,c,f,c,,32.471035°N ,77.614991°E,4300 m a.s.l.,,,,,,,,,,,,,,,,,,,,,,,,,,,,,,,,,,,,,,,,,,,,,,,,,,,,,,,,,,,,,,,,,,,,,,,,,,,,,,,,,,,,,,,,,,,,,,,,,,,,,,,,,,,,,,,,,,,,,,,,,,,,,,
141,"Formation, evolution, and drainage of short-lived glacial lakes in permafrost environments of the northern Teskey Range, Central Asia",3,NATURAL HAZARDS AND EARTH SYSTEM SCIENCES,2021,Tien Shan,a,a,a,a,a,b,c,,The word 'Permafrost' appears only in a few sentences,,,,,,,,,,,,,,,,,,,,,,,,,,,,,,,,,,,,,,,,,,,,,,,,,,,,,,,,,,,,,,,,,,,,,,,,,,,,,,,,,,,,,,,,,,,,,,,,,,,,,,,,,,,,,,,,,,,,,,,,,,,,,,,,
142,Future glacial lakes in High Mountain Asia: an inventory and assessment of hazard potential from surrounding slopes,3,JOURNAL OF GLACIOLOGY,2021,HMA,a,a,a,a,a,"a,b,d",a,,The word 'Permafrost' appears only in a few sentences,,,,,,,,,,,,,,,,,,,,,,,,,,,,,,,,,,,,,,,,,,,,,,,,,,,,,,,,,,,,,,,,,,,,,,,,,,,,,,,,,,,,,,,,,,,,,,,,,,,,,,,,,,,,,,,,,,,,,,,,,,,,,,,,
143,"Gas hydrate occurrences in the Qilian Mountain permafrost, Qinghai province, China",1,COLD REGIONS SCIENCE AND TECHNOLOGY,2011,QTP (Qilian Shan),b,b,e,b,b,c,f,Y,38°–38°30?,99°–99°30?,4000-4060,Occurrence of gas hydrate and associated anomalies,"in fractured mudstone, oily shale, siltstone, and fine-grained sandstone",2008-2009,Secondary occurrences of gas hydrate and associated anomalies,fine to medium grained sandstone in a zone between 133 and 396 mbs (meter below surface),2008-2009,,,,,,,,,,,,,NA,NA,NA,Climate change impact not mentioned,,multiple boreholes in vicinity and many more Chinese studies which we do not record,,4000,4060,,,,,,,,,,,,,,,,,,,,,,,,,,,,,,,,,,,,,,,,,,,,,,,,,,,,,,,,,,,,,,,,,,,,,,,,,,,,,,,,,,,,,,,,,,,,,,,,,,,
144,"Gas hydrates in the Qilian mountain permafrost, Qinghai, Northwest China",1,ACTA GEOLOGICA SINICA,2010,QTP (Qilian Shan),b,b,e,b,c,f,c,Y,38°,99°,4000 and above,area of Qilian Mountain Permafrost,100000 sq. kms,2008-2009,depth of gas hydrate hosted by permafrost,133-396 m interval,,,,,,,,,,,,,,,,,,,multiple boreholes in vicinity and many more Chinese studies which we do not record,,4000,,,,,,,,,,,,,,,,,,,,,,,,,,,,,,,,,,,,,,,,,,,,,,,,,,,,,,,,,,,,,,,,,,,,,,,,,,,,,,,,,,,,,,,,,,,,,,,,,,,,
145,"Genetic differences of rock glaciers and the discontinuous mountain permafrost zone in Kanchanjunga Himal, Eastern Nepal",1,PERMAFROST AND PERIGLACIAL PROCESSES,2001,HKH,b ,b,e,b,c,f,c,Y,27,88,4000 and above,lower limit of the discontinuous mountain permafrost zone (north facing slopes),4800 m ASL,1990s,lower limit of the discontinuous mountain permafrost zone (south- to east-facing slopes),5300 m ASL,1990s,,,,,,,,,,,,,NA,NA,NA,,,,,4000,,,,,,,,,,,,,,,,,,,,,,,,,,,,,,,,,,,,,,,,,,,,,,,,,,,,,,,,,,,,,,,,,,,,,,,,,,,,,,,,,,,,,,,,,,,,,,,,,,,,
146,"Glacial geomorphology in the Lunana area in the Bhutan Himalaya: Moraine stages, glacial lakes, and rock glaciers",1,HIMALAYAN JOURNAL OF SCIENCES,2004,HKH,a,a,b,a,a,"b,c",c,Y,28°,90°,4300-4500 m,lower limit of discontinuous permafrost,4800 m on north-facing slopes,NA,lower limit of discontinuous permafrost,5000 m on south- to eastfacing slopes,NA,mean annual air temperatures at the lower limits of the permafrost zone,-1.1 °C at 5000 m and +0.1 °C at 4800 m,NA,,,,,,,,,,,,,,,,,4300,4500,,,,,,,,,,,,,,,,,,,,,,,,,,,,,,,,,,,,,,,,,,,,,,,,,,,,,,,,,,,,,,,,,,,,,,,,,,,,,,,,,,,,,,,,,,,,,,,,,,,
147,"Glacial lake outburst flood hazard assessment by satellite Earth observation in the Himalayas (Chomolhari area, Bhutan)",1,GEOGRAPHICA HELVETICA,2019,HKH,a,a,b,b,c,f,b,Y,27.815,89.333,7326,Elevation threshold for permafrost probability,4600-4700 m a.s.l.,,MAAT values where permafrost is present,?1.1 to ?1.7 ?C,,,,,,,,,,,,,,NA,NA,NA,,,,7326,,,,,,,,,,,,,,,,,,,,,,,,,,,,,,,,,,,,,,,,,,,,,,,,,,,,,,,,,,,,,,,,,,,,,,,,,,,,,,,,,,,,,,,,,,,,,,,,,,,,,
148,Glacier and Permafrost Hazards in High Mountains,4,GLOBAL CHANGE AND MOUNTAIN REGIONS,2005,NA,BOOK,,,,,,,,,,,,,,,,,,,,,,,,,,,,,,,,,,,,,,,,,,,,,,,,,,,,,,,,,,,,,,,,,,,,,,,,,,,,,,,,,,,,,,,,,,,,,,,,,,,,,,,,,,,,,,,,,,,,,,,,,,,,,,,,,,,,,,,,
149,Glacier shrinkages and climate conditions around Jichu Dramo Glacier in the Bhutan Himalayas from 1998 to 2003,4,BULLETIN OF GLACIOLOGICAL RESEARCH,2006,NA,NOT RELEVANT,,,,,,,,,,,,,,,,,,,,,,,,,,,,,,,,,,,,,,,,,,,,,,,,,,,,,,,,,,,,,,,,,,,,,,,,,,,,,,,,,,,,,,,,,,,,,,,,,,,,,,,,,,,,,,,,,,,,,,,,,,,,,,,,,,,,,,,,
150,Ground Temperature and its Relation to Permafrost Occurrences in the Khumbu Region and Hidden Valley,1,SEPPYO,1976,HKH,b,b,e,b,c,f,c,Y,NA,NA,4000 and above,permafrost occurrence in Khumbu Valley,4900-5000 m a.s.l.,1973,permafrost occurrence in Hidden Valley,5000 m a.s.l.,1974,ground temperature lapse rate above the lower altitudinal limit of permafrost distribution in Khumbu and Hidden Valley (at a depth of 50 cm below ground surface ),0.9 -1 °C /100 m ,1973-1974,ground temperature lapse rate below the lower altitudinal limit of permafrost distribution in Khumbu and Hidden Valley (at a depth of 50 cm below ground surface ),0.4 °C /100 m ,1973-1974,,,,,,,,,,,,,,4420,5200,27.883333,86.833333,4420,28.795511,83.580306,5200,,,,,,,,,,,,,,,,,,,,,,,,,,,,,,,,,,,,,,,,,,,,,,,,,,,,,,,,,,,,,,,,,,,,,,,,,,,,,,,,,,,,,,,,,,,,,
151,Historical overview of permafrost studies in China,1,PHYSICAL GEOGRAPHY,2013,China,a,a,b,a,a,"b,c,d",a,,NA,NA,NA,,,,,,,,,,,,,,,,,,,,,,,,,,,,,,,,,,,,,,,,,,,,,,,,,,,,,,,,,,,,,,,,,,,,,,,,,,,,,,,,,,,,,,,,,,,,,,,,,,,,,,,,,,,,,,,,,,,,,,,,,,,,,,
152,"Hydrological evolution during the last 15 kyr in the Tso Kar lake basin (Ladakh, India), derived from geomorphological, sedimentological and palynological records",4,QUATERNARY SCIENCE REVIEWS,2010,NA,HISTORICAL ANALYSIS,,,,,,,,,,,,,,,,,,,,,,,,,,,,,,,,,,,,,,,,,,,,,,,,,,,,,,,,,,,,,,,,,,,,,,,,,,,,,,,,,,,,,,,,,,,,,,,,,,,,,,,,,,,,,,,,,,,,,,,,,,,,,,,,,,,,,,,,
153,Hydrological impacts of interannual variations in surface soil freezing processes in the upper Nu-Salween River basin,1,ARCTIC ANTARCTIC AND ALPINE RESEARCH,2020,QTP (local),a,a,a,b,c,f,c,Y,27°44?,98°41,3000-6000,surface freezing,air temperature increase led to decrease in freezing days; contribution of groundwater influx increased on freezing days,1988-2008,,,,,,,,,,,,,,,,,,,,,,,3000,6000,,,,,,,,,,,,,,,,,,,,,,,,,,,,,,,,,,,,,,,,,,,,,,,,,,,,,,,,,,,,,,,,,,,,,,,,,,,,,,,,,,,,,,,,,,,,,,,,,,,
154,Ice loss in the Northeastern Tibetan Plateau permafrost as seen by 16 yr of ESA SAR missions,1,EARTH AND PLANETARY SCIENCE LETTERS,2020,QTP (local),a,a,b,b,c,f,c,Y,38°–39°,98°–99°,1600 m - 5700 m,subsidence of the ground,up to ?2 cm/yr,2003-2019,"rate of increase in subsidence of the
ground",factor of 2 to 5,2003-2019,,,,,,,,,,,,,subsidence of the ground (increasing),,,,,,,1600,5700,,,,,,,,,,,,,,,,,,,,,,,,,,,,,,,,,,,,,,,,,,,,,,,,,,,,,,,,,,,,,,,,,,,,,,,,,,,,,,,,,,,,,,,,,,,,,,,,,,,
155,Impacts of climate-induced permafrost degradation on vegetation: A review,3,ADVANCES IN CLIMATE CHANGE RESEARCH,2021,QTP,a,a,c,a,b,g,b,,The word 'Permafrost' appears in discussion,,,,,,,,,,,,,,,,,,,,,,,,,,,,,,,,,,,,,,,,,,,,,,,,,,,,,,,,,,,,,,,,,,,,,,,,,,,,,,,,,,,,,,,,,,,,,,,,,,,,,,,,,,,,,,,,,,,,,,,,,,,,,,,,
156,Impacts of permafrost degradation on inorganic chemistry of surface fresh water,4,GLOBAL AND PLANETARY CHANGE,2017,NA,,,,,,,,,,,,,,,,,,,,,,,,,,,,,,,,,,,,,,,,,,,,,,,,,,,,,,,,,,,,,,,,,,,,,,,,,,,,,,,,,,,,,,,,,,,,,,,,,,,,,,,,,,,,,,,,,,,,,,,,,,,,,,,,,,,,,,,,,
157,Increase in occurrence of large glacier-related landslides in the high mountains of Asia,4,SCIENTIFIC REPORTS,2021,NA,NOT RELEVANT TO PERMAFROST (ONLY MENTIONED IN 2 PLACES),,,,,,,,,,,,,,,,,,,,,,,,,,,,,,,,,,,,,,,,,,,,,,,,,,,,,,,,,,,,,,,,,,,,,,,,,,,,,,,,,,,,,,,,,,,,,,,,,,,,,,,,,,,,,,,,,,,,,,,,,,,,,,,,,,,,,,,,
158,Increasing cryospheric hazards in a warming climate,3,EARTH-SCIENCE REVIEWS,2021,Global,a,a,b,a,a,b ,c,,The word 'Permafrost' appears in discussion,,,,,,,,,,,,,,,,,,,,,,,,,,,,,,,,,,,,,,,,,,,,,,,,,,,,,,,,,,,,,,,,,,,,,,,,,,,,,,,,,,,,,,,,,,,,,,,,,,,,,,,,,,,,,,,,,,,,,,,,,,,,,,,,
159,Influence of the Depth Hoar Layer of the Seasonal Snow Cover on the Ground Thermal Regime,4,WATER RESOURCES RESEARCH,1996,NA,STUDY AREA OUTSIDE HMA,,,,,,,,,,,,,,,,,,,,,,,,,,,,,,,,,,,,,,,,,,,,,,,,,,,,,,,,,,,,,,,,,,,,,,,,,,,,,,,,,,,,,,,,,,,,,,,,,,,,,,,,,,,,,,,,,,,,,,,,,,,,,,,,,,,,,,,,
160,"Insights into a remote cryosphere: a multi-method approach to assess permafrost occurrence at the Qugaqie basin, western Nyainqêntanglha Range, Tibetan Plateau",1,THE CRYOSPHERE,2021,QTP (local),b,b,e,b,c,f,c,Y,30°30’ ,90°30’ ,4720-6100,lower permafrost limit,5350,,,,,,,,,,,,,,,,,,,,,,,,4720,6100,,,,,,,,,,,,,,,,,,,,,,,,,,,,,,,,,,,,,,,,,,,,,,,,,,,,,,,,,,,,,,,,,,,,,,,,,,,,,,,,,,,,,,,,,,,,,,,,,,,
161,"Inventory and changes of rock glacier creep speeds in Ile Alatau and Kungoy Ala-Too, northern Tien Shan, since the 1950s",1,THE CRYOSPHERE,2021,Tien Shan,a,a,b,b,c,f,c,,42° - 45°,76° - 78°,,,,,,,,,,,,,,,,,,,,,,,,,,,,,,,,,,,,,,,,,,,,,,,,,,,,,,,,,,,,,,,,,,,,,,,,,,,,,,,,,,,,,,,,,,,,,,,,,,,,,,,,,,,,,,,,,,,,,,,,,,,,,,,
162,Is ice in the Himalayas more resilient to climate change than we thought?,3,GEOGRAFISKA ANNALER SERIES A-PHYSICAL GEOGRAPHY,2021,HKH,a,a,a ,a,b,g,c,,The word 'Permafrost' appears only in a few sentences,,,,,,,,,,,,,,,,,,,,,,,,,,,,,,,,,,,,,,,,,,,,,,,,,,,,,,,,,,,,,,,,,,,,,,,,,,,,,,,,,,,,,,,,,,,,,,,,,,,,,,,,,,,,,,,,,,,,,,,,,,,,,,,,
163,Landslide hazard assessment in the Himalayas (Nepal and Bhutan) based on Earth-Observation data,3,ENGINEERING GEOLOGY,2018,HKH,a,a,b,a,a,b,a,,Permafrost appears only in the discussion,,,,,,,,,,,,,,,,,,,,,,,,,,,,,,,,,,,,,,,,,,,,,,,,,,,,,,,,,,,,,,,,,,,,,,,,,,,,,,,,,,,,,,,,,,,,,,,,,,,,,,,,,,,,,,,,,,,,,,,,,,,,,,,,
164,Last glacial maximum permafrost in China from CMIP5 simulations,4,,,NA,,,,,,,,,,,,,,,,,,,,,,,,,,,,,,,,,,,,,,,,,,,,,,,,,,,,,,,,,,,,,,,,,,,,,,,,,,,,,,,,,,,,,,,,,,,,,,,,,,,,,,,,,,,,,,,,,,,,,,,,,,,,,,,,,,,,,,,,,
165,Machine learning-based thermokarst landslide susceptibility modeling across the permafrost region on the Qinghai-Tibet Plateau,1,LANDSLIDES,2021,QTP,a,a,b,b,c,f,a,,26-40,75-105,500-8500,,,,,,,,,,,,,,,,,,,,,,,,,,,,,,,,,,,,,,,,,,,,,,,,,,,,,,,,,,,,,,,,,,,,,,,,,,,,,,,,,,,,,,,,,,,,,,,,,,,,,,,,,,,,,,,,,,,,,,,,,,,,,,
166,Mapping and Evaluating Human Pressure Changes in the Qilian Mountains,3,REMOTE SENSING,2021,QTP (Qilian Shan),a,a,c,a,a,"a,c,g",a,,The word 'Permafrost' appears only in a few sentences,,,,,,,,,,,,,,,,,,,,,,,,,,,,,,,,,,,,,,,,,,,,,,,,,,,,,,,,,,,,,,,,,,,,,,,,,,,,,,,,,,,,,,,,,,,,,,,,,,,,,,,,,,,,,,,,,,,,,,,,,,,,,,,,
167,Mapping Frozen Ground in the Qilian Mountains in 2004-2019 Using Google Earth Engine Cloud Computing,1,REMOTE SENSING,2021,QTP (Qilian Shan),a,a,b,a,a,"a,b,c",c,,35°49'N - 40°01'N,94°23'E - 103°58'E,1576 m to 5763 m,,,,,,,,,,,,,,,,,,,,,,,,,,,,,,,,,,,,,,,,,,,,,,,,,,,,,,,,,,,,,,,,,,,,,,,,,,,,,,,,,,,,,,,,,,,,,,,,,,,,,,,,,,,,,,,,,,,,,,,,,,,,,,
168,Mapping the permafrost stability on the Tibetan Plateau for 2005–2015,1,SCIENCE CHINA EARTH SCIENCES,2020,QTP,a,a,a,b,c,f,c,,complete QTP,NA,NA,,,,,,,,,,,,,,,,,,,,,,,,,,,,,,,,,,,,,,,,,,,,,,,,,,,,,,,,,,,,,,,,,,,,,,,,,,,,,,,,,,,,,,,,,,,,,,,,,,,,,,,,,,,,,,,,,,,,,,,,,,,,,,
169,"Mass wasting and erosion in different morphoclimatic zones of the Makalu Barun region, Nepal Himalaya",1,"GEOGRAFISKA ANNALER: SERIES A, PHYSICAL GEOGRAPHY",2021,HKH,a,a,b,b,c,f,c,Y,27°48’ ,87°,4000-7000,,,,,,,,,,,,,,,,,,,description of increased mass movements due to physical change of permafrost with climate change,,,,,,,4000,7000,,,,,,,,,,,,,,,,,,,,,,,,,,,,,,,,,,,,,,,,,,,,,,,,,,,,,,,,,,,,,,,,,,,,,,,,,,,,,,,,,,,,,,,,,,,,,,,,,,,
170,Modelling Permafrost Distribution in Western Himalaya Using Remote Sensing and Field Observations,1,REMOTE SENSING,2021,HKH,a,a,b,b,c,f,c,Y,31°- 37°,72°- 81°,215 - 8564,permafrost area loss,8340.48 sq. km,2002/04-2018/20,,,,,,,,,,,,,,,,permafrost area (decreasing),,,,,,,215,8564,,,,,,,,,,,,,,,,,,,,,,,,,,,,,,,,,,,,,,,,,,,,,,,,,,,,,,,,,,,,,,,,,,,,,,,,,,,,,,,,,,,,,,,,,,,,,,,,,,,
171,"Mountain hazards in the Kanchanjunga area, eastern Nepal: landslides developed on lateral moraines",1,JOURNAL OF NEPAL GEOLOGICAL SOCIETY,2000,HKH,a,a,b,b,c,f,c,Y,27.7155,87.9282,4400 and above,lower limit of permafrost,4850-4950 m a.s.l.,,,,,,,,,,,,,,,,,landslides/hazards (increasing),,,,,,,4400,,,,,,,,,,,,,,,,,,,,,,,,,,,,,,,,,,,,,,,,,,,,,,,,,,,,,,,,,,,,,,,,,,,,,,,,,,,,,,,,,,,,,,,,,,,,,,,,,,,,
172,"Numerical simulation of gas production from hydrate deposits using a single vertical well by depressurization in the Qilian Mountain permafrost, Qinghai-Tibet Plateau, China",4,ENERGY,2013,NA,,,,,,,,,38,99,4000,,,,,,,,,,,,,,,,,,,,,,,,,,,,,,,,,,,,,,,,,,,,,,,,,,,,,,,,,,,,,,,,,,,,,,,,,,,,,,,,,,,,,,,,,,,,,,,,,,,,,,,,,,,,,,,,,,,,,,,,,,,,,,
173,Observations on rock glaciers in the Himalayas and Karakoram Mountains of northern Pakistan and India,1,GEOMORPHOLOGY,1998,HKH,b,b,e,b,c,f,c,Y,Refer columns after special remarks,Refer columns after special remarks,Refer columns after special remarks,precipitation where rock glaciers are present,1000 mm,1985 to 1995,elevation where rock glaciers are present,above 4000 m a.s.l.,1985 to 1995,rock glacier dimensions,">1 km long, >100 m wide and >15 m thick",1985 to 1995,,,,,,,,,,NA,NA,NA,Lat.long.elev not clearly mentioned/ climate change not mentioned,,,,,,36.85, 75.427778,4693,32.5,77.833333,4270,30.617,78.901,4500,,,,,,,,,,,,,,,,,,,,,,,,,,,,,,,,,,,,,,,,,,,,,,,,,,,,,,,,,,,,,,,,,,,,,,,,,,,,,,,,,,,,,,,,,,
174,"Observations on the relationship between lake formation, permafrost activity and lithalsa development during the last 20 000 years in the Tso Kar basin, Ladakh, India",4,PERMAFROST AND PERIGLACIAL PROCESSES,2008,NA,,,,,,,,,,,,,,,,,,,,,,,,,,,,,,,,,,,,,,,,,,,,,,,,,,,,,,,,,,,,,,,,,,,,,,,,,,,,,,,,,,,,,,,,,,,,,,,,,,,,,,,,,,,,,,,,,,,,,,,,,,,,,,,,,,,,,,,,,
175,On the freeze-thaw cycles of shallow soil and connections with environmental factors over the Tibetan Plateau,1,CLIMATE DYNAMICS,2021,QTP,a,a,a,b,c,f,c,,NA,NA,NA,,,,,,,,,,,,,,,,,,,,,,,,,,,,,,,,,,,,,,,,,,,,,,,,,,,,,,,,,,,,,,,,,,,,,,,,,,,,,,,,,,,,,,,,,,,,,,,,,,,,,,,,,,,,,,,,,,,,,,,,,,,,,,
176,"On the significance of periglacial conditions in active mountain belts for chemical weathering processes: Insights from the Chayu area, SE Tibet",4,CHEMICAL GEOLOGY,2021,NA,,,,,,,,,,,,,,,,,,,,,,,,,,,,,,,,,,,,,,,,,,,,,,,,,,,,,,,,,,,,,,,,,,,,,,,,,,,,,,,,,,,,,,,,,,,,,,,,,,,,,,,,,,,,,,,,,,,,,,,,,,,,,,,,,,,,,,,,,
177,Periglacial environment in Nepal Himalaya: Present contexts and future prospects,1,NEPAL JOURNAL OF ENVIRONMENTAL SCIENCE,2017,HKH,a,a,b,b,c,f,c,,26°22’ to 30°27’ N,80°04’ to 88°12’ E,above 4000 ,,,,,,,,,,,,,,,,,,,,,,,,,,,,,,,,,,,,,,,,,,,,,,,,,,,,,,,,,,,,,,,,,,,,,,,,,,,,,,,,,,,,,,,,,,,,,,,,,,,,,,,,,,,,,,,,,,,,,,,,,,,,,,
178,Permafrost Hydrology of the Qinghai-Tibet Plateau: A Review of Processes and Modeling,1,FRONTIERS IN EARTH SCIENCE,2021,QTP,a,a,a,a,a,b,c,,25-40,75-105,NA,,,,,,,,,,,,,,,,,,,,,,,,,,,,,,,,,,,,,,,,,,,,,,,,,,,,,,,,,,,,,,,,,,,,,,,,,,,,,,,,,,,,,,,,,,,,,,,,,,,,,,,,,,,,,,,,,,,,,,,,,,,,,,
179,Permafrost research in China related to express highway construction,2,PERMAFROST AND PERIGLACIAL PROCESSES,2020,China,a,a,b,a,a,"b,c",a,,Permafrost appears only in the discussion,,,,,,,,,,,,,,,,,,,,,,,,,,,,,,,,,,,,,,,,,,,,,,,,,,,,,,,,,,,,,,,,,,,,,,,,,,,,,,,,,,,,,,,,,,,,,,,,,,,,,,,,,,,,,,,,,,,,,,,,,,,,,,,,
180,"Permafrost Warming in the Context of Step-wise Climate Change in the Tien Shan Mountains, China",1,PERMAFROST AND PERIGLACIAL PROCESSES,2015,Tien Shan,a,a,b,b,c,f,c,Y, 40°–44° N,69°–95° E,4000 and above,maximum active-layer thickness,1.70 m,2009 & 2011,increase in active layer thickness,0.45m,1992-2011,increase in permafrost temperature,from -1.7°C to  -1.1°C,1992-2011,upward movement of permafrost base,14m,1992-2011,,,,,,,"active layer thickness (icreasing), permafrost temperature and lower limit (increasing)",,,,,,3500,,,43.11917,86.8525,,,,,,,,,,,,,,,,,,,,,,,,,,,,,,,,,,,,,,,,,,,,,,,,,,,,,,,,,,,,,,,,,,,,,,,,,,,,,,,,,,,,,,,,,,,,,,,,,
181,"Permafrost warming in the Tien Shan Mountains, Central Asia",1,GLOBAL AND PLANETARY CHANGE,2007,Tien Shan,a,a,b,b,c,f,c,,40°- 45°,70°- 95°,2700 and above,,,,,,,,,,,,,,,,,,,,,,,,,,,,,,,,,,,,,,,,,,,,,,,,,,,,,,,,,,,,,,,,,,,,,,,,,,,,,,,,,,,,,,,,,,,,,,,,,,,,,,,,,,,,,,,,,,,,,,,,,,,,,,
182,Permafrost and climatic change in China,1,GLOBAL AND PLANETARY CHANGE,2000,China,a,a,"a,b,c",a,a,b,a,Y,,,,permafrost area in China,2.15*10^6 km^2,1960-2000,southern limit of permafrost,41–42N,1960-2000,increase in lower limit of altitudinal permafrost in western China  since the last glaciation maximum,elevated from 800 to 1500 m,1960-2000,,,,,,,,,,permafrost retreat (increasing),,,Tables in the article have information about several locations and variables,,,,3350,4770,35.716667,94.183333,4480,43.083333,76.866667,3350,35.632778,94.071667,4770,,,,,,,,,,,,,,,,,,,,,,,,,,,,,,,,,,,,,,,,,,,,,,,,,,,,,,,,,,,,,,,,,,,,,,,,,,,,,,,,,,,,,,,,,,
183,Permafrost and groundwater on the Qinghai-Tibet Plateau and in northeast China,1,HYDROGEOLOGY JOURNAL,2013,QTP,a,a,a,a,a,"b,c",a,,NA,NA,NA,,,,,,,,,,,,,,,,,,,,,,,,,,,,,,,,,,,,,,,,,,,,,,,,,,,,,,,,,,,,,,,,,,,,,,,,,,,,,,,,,,,,,,,,,,,,,,,,,,,,,,,,,,,,,,,,,,,,,,,,,,,,,,
184,Permafrost deformation monitoring along the qinghai-tibet plateau engineering corridor using InSAR observations with multi-sensor SAR datasets from 1997–2018,1,SENSORS,2019,QTEC,a,a,b,b,c,f,c,Y,34.5,93,4400 - 5100,ground deformation,5 mm year-1,1997-1999,ground deformation,-20 to 10 mm year-1',2004 - 2018,,,,,,,,,,,,,,,,,,,,4400,5100,,,,,,,,,,,,,,,,,,,,,,,,,,,,,,,,,,,,,,,,,,,,,,,,,,,,,,,,,,,,,,,,,,,,,,,,,,,,,,,,,,,,,,,,,,,,,,,,,,,
185,Permafrost degradation on a warmer Earth: Challenges and perspectives,2,CURRENT OPINION IN ENVIRONMENTAL SCIENCE AND HEALTH,2018,Global,a,a,"a,b,c",a,a,"a,b ",a,,Permafrost appears only in the discussion,,,,,,,,,,,,,,,,,,,,,,,,,,,,,,,,,,,,,,,,,,,,,,,,,,,,,,,,,,,,,,,,,,,,,,,,,,,,,,,,,,,,,,,,,,,,,,,,,,,,,,,,,,,,,,,,,,,,,,,,,,,,,,,,
186,Permafrost in China: past and present,1,PERMAFROST AND PERIGLACIAL PROCESSES,1995,China,a,a,b,a,a,f,c,,NA,NA,NA,,,,,,,,,,,,,,,,,,,,,,,,,,,,,,,,,,,,,,,,,,,,,,,,,,,,,,,,,,,,,,,,,,,,,,,,,,,,,,,,,,,,,,,,,,,,,,,,,,,,,,,,,,,,,,,,,,,,,,,,,,,,,,
187,"Permafrost on the Tibet plateau, China",1,QUATERNARY SCIENCE REVIEWS,1995,QTP,a,b,e,b,c,f,c,,"Early review, predicting no more permfrost by 2150",,,,,,,,,,,,,,,,,,,,,,,,,,,,,,,,,,,,,,,,,,,,,,,,,,,,,,,,,,,,,,,,,,,,,,,,,,,,,,,,,,,,,,,,,,,,,,,,,,,,,,,,,,,,,,,,,,,,,,,,,,,,,,,,
188,Permafrost research in China related to express highway construction,3,PERMAFROST AND PERIGLACIAL PROCESSES,2020,China,a,a,b,a,a,b,a,,Permafrost appears only in the discussion,,,,,,,,,,,,,,,,,,,,,,,,,,,,,,,,,,,,,,,,,,,,,,,,,,,,,,,,,,,,,,,,,,,,,,,,,,,,,,,,,,,,,,,,,,,,,,,,,,,,,,,,,,,,,,,,,,,,,,,,,,,,,,,,
189,"Permafrost studies in kullu district, Himachal Pradesh",4,CURRENT SCIENCE,2016,NA,REPEATED ARTICLE,,,,,,,,,,,,,,,,,,,,,,,,,,,,,,,,,,,,,,,,,,,,,,,,,,,,,,,,,,,,,,,,,,,,,,,,,,,,,,,,,,,,,,,,,,,,,,,,,,,,,,,,,,,,,,,,,,,,,,,,,,,,,,,,,,,,,,,,
190,"Phylogenetic diversity of culturable bacteria from alpine permafrost in the Tianshan Mountains, northwestern China",1,RESEARCH IN MICROBIOLOGY,2006,Tien Shan,b,b,e,a,b,g,c,Y,43°07' 10.2'' N,86°49' 28.2'' E,3833 m,Aerobic bacterial community from alpine permafrost samples at 4 ?C,2.5–6.0 × 10^5 Colony Forming Unit/gdw (CFU per 1 gram of dry weight),2004,,,,,,,,,,,,,,,,NA,NA,NA,,,,3833,,,,,,,,,,,,,,,,,,,,,,,,,,,,,,,,,,,,,,,,,,,,,,,,,,,,,,,,,,,,,,,,,,,,,,,,,,,,,,,,,,,,,,,,,,,,,,,,,,,,,
191,Plant response to N availability in permafrost-affected alpine wetlands in arid and semi-arid climate zones,3,SCIENCE OF THE TOTAL ENVIRONMENT,2020,Pamir,a,a,c,a,b,g,c,,Permafrost appears only in the discussion,,,,,,,,,,,,,,,,,,,,,,,,,,,,,,,,,,,,,,,,,,,,,,,,,,,,,,,,,,,,,,,,,,,,,,,,,,,,,,,,,,,,,,,,,,,,,,,,,,,,,,,,,,,,,,,,,,,,,,,,,,,,,,,,
192,Prediction Model of Thermal Thawing Sensibility and Thaw Depth for Permafrost Embankment along the Qinghai-Tibet Engineering Corridor Using MODIS Data,1,JOURNAL OF SENSORS,2020,QTEC,a,a,b,a,a,c,a,Y,34,93,4000,soil temperatures,strong influence of embankment construction and type on thaw,NA,,,,,,,,,,,,,,,,,,,,,,4000,,,,,,,,,,,,,,,,,,,,,,,,,,,,,,,,,,,,,,,,,,,,,,,,,,,,,,,,,,,,,,,,,,,,,,,,,,,,,,,,,,,,,,,,,,,,,,,,,,,,,
193,Progress in permafrost hydrogeology in China,1,HYDROGEOLOGY JOURNAL,2018,QTP,a,b,e,b,c,f,c,,NA,NA,NA,,,,,,,,,,,,,,,,,,,,,,,,,,,,,,,,,,,,,,,,,,,,,,,,,,,,,,,,,,,,,,,,,,,,,,,,,,,,,,,,,,,,,,,,,,,,,,,,,,,,,,,,,,,,,,,,,,,,,,,,,,,,,,
194,"Progress, Challenges and opportunities of permafrost mapping in China",4,ADVANCES IN EARTH SCIENCE,2019,NA,,,,,,,,,,,,,,,,,,,,,,,,,,,,,,,,,,,,,,,,,,,,,,,,,,,,,,,,,,,,,,,,,,,,,,,,,,,,,,,,,,,,,,,,,,,,,,,,,,,,,,,,,,,,,,,,,,,,,,,,,,,,,,,,,,,,,,,,,
195,Quantifying overestimated permafrost extent driven by rock glacier inventory,1,GEOPHYSICAL RESEARCH LETTERS,2021,HMA,b,b,e,b,c,f,c,,"Not interesting in climate change context, methods paper",,,,,,,,,,,,,,,,,,,,,,,,,,,,,,,,,,,,,,,,,,,,,,,,,,,,,,,,,,,,,,,,,,,,,,,,,,,,,,,,,,,,,,,,,,,,,,,,,,,,,,,,,,,,,,,,,,,,,,,,,,,,,,,,
196,"Reconstructing the History of Glacial Lake Outburst Floods (GLOF) in the Kanchenjunga Conservation Area, East Nepal: An Interdisciplinary Approach",3,SUSTAINABILITY,2020,HKH,a,a,b,a,a,a ,c,,Permafrost appears only in the discussion,,,,,,,,,,,,,,,,,,,,,,,,,,,,,,,,,,,,,,,,,,,,,,,,,,,,,,,,,,,,,,,,,,,,,,,,,,,,,,,,,,,,,,,,,,,,,,,,,,,,,,,,,,,,,,,,,,,,,,,,,,,,,,,,
197,Redrawing permafrost outreach,4,NATURE REVIEWS EARTH & ENVIRONMENT,2022,NA,,,,,,,,,,,,,,,,,,,,,,,,,,,,,,,,,,,,,,,,,,,,,,,,,,,,,,,,,,,,,,,,,,,,,,,,,,,,,,,,,,,,,,,,,,,,,,,,,,,,,,,,,,,,,,,,,,,,,,,,,,,,,,,,,,,,,,,,,
198,Remote sensing of glacier-and permafrost-related hazards in high mountains: an overview,4,NATURAL HAZARDS AND EARTH SYSTEM SCIENCES,2005,NA,,,,,,,,,,,,,,,,,,,,,,,,,,,,,,,,,,,,,,,,,,,,,,,,,,,,,,,,,,,,,,,,,,,,,,,,,,,,,,,,,,,,,,,,,,,,,,,,,,,,,,,,,,,,,,,,,,,,,,,,,,,,,,,,,,,,,,,,,
199,Remote sensing of the mean annual surface temperature and surface frost number for mapping permafrost in China,4,"ARCTIC, ANTARCTIC AND ALPINE RESEARCH",2015,NA,,,,,,,,,NA,NA,NA,,,,,,,,,,,,,,,,,,,,,,,,,,,,,,,,,,,,,,,,,,,,,,,,,,,,,,,,,,,,,,,,,,,,,,,,,,,,,,,,,,,,,,,,,,,,,,,,,,,,,,,,,,,,,,,,,,,,,,,,,,,,,,
200,Remote sensing of permafrost?related problems and hazards,2,PERMAFROST AND PERIGLACIAL PROCESSES,2008,Global,a,a,b,a,a,"a,b,c",a,,Permafrost appears only in the discussion,,,,,,,,,,,,,,,,,,,,,,,,,,,,,,,,,,,,,,,,,,,,,,,,,,,,,,,,,,,,,,,,,,,,,,,,,,,,,,,,,,,,,,,,,,,,,,,,,,,,,,,,,,,,,,,,,,,,,,,,,,,,,,,,
201,"Response of Tibetan Plateau lakes to climate change: Trends, patterns, and mechanisms",1,EARTH-SCIENCE REVIEWS,2020,QTP,a,a,a,b,c,f,c,,NA,NA,NA,,,,,,,,,,,,,,,,,,,,,,,,,,,,,,,,,,,,,,,,,,,,,,,,,,,,,,,,,,,,,,,,,,,,,,,,,,,,,,,,,,,,,,,,,,,,,,,,,,,,,,,,,,,,,,,,,,,,,,,,,,,,,,
202,"Responses of permafrost on the Qinghai-Tibet Plateau, China, to climate change and engineering construction",1,"ARCTIC, ANTARCTIC AND ALPINE RESEARCH",2007,QTEC,a,a,b,a,a,f,c,Y,34,93,4000,warming in warm and cold permafrost,,,,,,,,,,,,,,,,,,climate change will have more direct and immediate impacts on the thermal regime of warm permafrost (>-1.5 C) and on the stability and reliability of engineering infrastructures above warm permafrost,,,,,,,4482,4938,35.632778,94.071667,4770,35.62,94.070278,4759,35.604167,94.052778,4733,35.513889,93.734722,4552,35.396944,93.533611,4482,35.23,93.085,4610,35.126667,93.036667,4707,34.69,92.891667,4938,,,,,,,,,,,,,,,,,,,,,,,,,,,,,,,,,,,,,,,,,,,,,,,,,,,,,,,,,,,,,,,,,,,,,,,,,,,
203,"Rock glacier inventory, permafrost probability distribution modeling and associated hazards in the Hunza River Basin, Western Karakoram, Pakistan",1,SCIENCE OF THE TOTAL ENVIRONMENT,2021,HKH,a,a,b,a,a,b,c,,36.05 and 37.08°N,74.04–75.77°E,1432-7849,,,,,,,,,,,,,,,,,,,,,,,,,,,,,,,,,,,,,,,,,,,,,,,,,,,,,,,,,,,,,,,,,,,,,,,,,,,,,,,,,,,,,,,,,,,,,,,,,,,,,,,,,,,,,,,,,,,,,,,,,,,,,,
204,Rock glaciers and the geomorphological evolution of deglacierizing mountains,4,GEOMORPHOLOGY,2019,NA,,,,,,,,,,,,,,,,,,,,,,,,,,,,,,,,,,,,,,,,,,,,,,,,,,,,,,,,,,,,,,,,,,,,,,,,,,,,,,,,,,,,,,,,,,,,,,,,,,,,,,,,,,,,,,,,,,,,,,,,,,,,,,,,,,,,,,,,,
205,Rock glaciers represent hidden water stores in the Himalaya,3,SCIENCE OF THE TOTAL ENVIRONMENT,2021,HKH,a,a,a,b,c,f,c,,Permafrost appears only in the discussion,,,,,,,,,,,,,,,,,,,,,,,,,,,,,,,,,,,,,,,,,,,,,,,,,,,,,,,,,,,,,,,,,,,,,,,,,,,,,,,,,,,,,,,,,,,,,,,,,,,,,,,,,,,,,,,,,,,,,,,,,,,,,,,,
206,"Rockfall activity in the Kangchenjunga area, Nepal Himalaya",1,PERMAFROST AND PERIGLACIAL PROCESSES,2009,HKH,b,b,e,b,c,f,c,Y,27° 42' 18'',88° 08' 12'',5235,factors controlling rock fall activity at 4600-6800 m asl (north slopes),insolation,May 2001 to May 2002,"factors controlling rock fall activity at 4600-6800 m asl (east, west, south slopes)","duration and effectiveness of sunshine, accumulation of snow",May 2001 to May 2002,freeze thaw cycle of rock surfaces at 4600-6800 m asl (north slopes),seasonal freeze thaw,May 2001 to May 2002,"freeze thaw cycle of rock surfaces at 4600-6800 m asl (east,west,south slopes)",frequent dirunal freeze thaw,May 2001 to May 2002,,,,,,,NA,NA,NA,,,,5235,,,,,,,,,,,,,,,,,,,,,,,,,,,,,,,,,,,,,,,,,,,,,,,,,,,,,,,,,,,,,,,,,,,,,,,,,,,,,,,,,,,,,,,,,,,,,,,,,,,,,
207,Satellite data reveal southwestern Tibetan plateau cooling since 2001 due to snow-albedo feedback,4,INTERNATIONAL JOURNAL OF CLIMATOLOGY,2020,NA,,,,,,,,,,,,,,,,,,,,,,,,,,,,,,,,,,,,,,,,,,,,,,,,,,,,,,,,,,,,,,,,,,,,,,,,,,,,,,,,,,,,,,,,,,,,,,,,,,,,,,,,,,,,,,,,,,,,,,,,,,,,,,,,,,,,,,,,,
208,Seasonal deformation monitoring over thermokarst landforms using terrestrial laser scanning in Northeastern Qinghai-Tibetan Plateau,1,INTERNATIONAL JOURNAL OF APPLIED EARTH OBSERVATION AND GEOINFORMATION,2021,QTP (Qilian Shan),a,a,b,b,c,f,c,,38.00?N,100.91?E,3588 m to 3605 m,vertical deformation of thermokarst landforms,? 3.364 m ,"April 11, 2016 to June 16, 2018",headwall retreat of thermokarst landforms,10.66 m,"April 11, 2016 to June 16, 2018",,,,,,,,,,,,,vertical deformation/headwall retreat of thermokarst landforms (increasing),,human activities/vehicle track (increasing),,,,,3588,3605,,,,,,,,,,,,,,,,,,,,,,,,,,,,,,,,,,,,,,,,,,,,,,,,,,,,,,,,,,,,,,,,,,,,,,,,,,,,,,,,,,,,,,,,,,,,,,,,,,,
209,Simulated responses of permafrost distribution to climate change on the Qinghai–Tibet Plateau,1,SCIENTIFIC REPORTS,2017,QTP,a,a,b,b,c,f,c,,NA,NA,NA,,,,,,,,,,,,,,,,,,,,,,,,,,,,,,,,,,,,,,,,,,,,,,,,,,,,,,,,,,,,,,,,,,,,,,,,,,,,,,,,,,,,,,,,,,,,,,,,,,,,,,,,,,,,,,,,,,,,,,,,,,,,,,
210,Simulation of the decadal permafrost distribution on the Qinghai?Tibet Plateau (China) over the past 50 years,1,PERMAFROST AND PERIGLACIAL PROCESSES,2012,QTP,a,a,e,b,c,f,c,,NA,NA,NA,,,,,,,,,,,,,,,,,,,,,,,,,,,,,,,,,,,,,,,,,,,,,,,,,,,,,,,,,,,,,,,,,,,,,,,,,,,,,,,,,,,,,,,,,,,,,,,,,,,,,,,,,,,,,,,,,,,,,,,,,,,,,,
211,"Simulation of permafrost changes on the Qinghai–Tibet Plateau, China, over the past three decades",1,INTERNATIONAL JOURNAL OF DIGITAL EARTH,2016,QTP,a,a,b,b,c,f,c,,25°N to 41°N,73°E to 105.6°E,NA,,,,,,,,,,,,,,,,,,,,,,,,,,,,,,,,,,,,,,,,,,,,,,,,,,,,,,,,,,,,,,,,,,,,,,,,,,,,,,,,,,,,,,,,,,,,,,,,,,,,,,,,,,,,,,,,,,,,,,,,,,,,,,
212,"Single-year thermal regime and inferred permafrost occurrence in the upper Ganglass catchment of the cold-arid Himalaya, Ladakh, India",1,SCIENCE OF THE TOTAL ENVIRONMENT,2020,HKH,a,a,b,b,c,f,c,Y,34° 15' - 34° 18',77° 30' - 77°38',4700 to 5612 m a.s.l.,permafrost occurrence,at all sites above 4900 m a.s.l,September 2016 to August 2017,active-layer thickness ,ranging from 0.1 to 4.2 m,September 2016 to August 2017,mean annual ground surface temperature,-10.0 to -0.85 °C,September 2016 to August 2017,MAAT,-4.1 to -8.9 °C,September 2016 to August 2017,surface offsets ,vary from -1.1 to 3.9 °C,September 2016 to August 2017,thermal offset range,from -0.9 to 0 °C,September 2016 to August 2017,NA,NA,NA,,,,,4700,5612,,,,,,,,,,,,,,,,,,,,,,,,,,,,,,,,,,,,,,,,,,,,,,,,,,,,,,,,,,,,,,,,,,,,,,,,,,,,,,,,,,,,,,,,,,,,,,,,,,,
213,"Slope instability phenomena in permafrost regions of Qinghai-Tibet Plateau, China",3,LANDSLIDES,2006,QTEC,a,a,b,b,c,f,c,,Permafrost appears only in the discussion,,,,,,,,,,,,,,,,,,,,,,,,,,,,,,,,,,,,,,,,,,,,,,,,,,,,,,,,,,,,,,,,,,,,,,,,,,,,,,,,,,,,,,,,,,,,,,,,,,,,,,,,,,,,,,,,,,,,,,,,,,,,,,,,
214,"Solifluction in the mountains of central Asia: distribution, morphology, processes",1,PERMAFROST AND PERIGLACIAL PROCESSES,1999,Tien Shan,a,a,b,b,c,f,c,,Pamir (36.5 -  39.5 N); Alai (38.4 - 40.5); Tien Shan (40 - 43.5),Pamir (71-75); Alai (66 -75); Tien Shan (69 - 81),Pamir (3400-5000); Alai (3300 and above); Tien Shan (2400 and above),,,,,,,,,,,,,,,,,,,,,,,,,,,,,,,,,,,,,,,,,,,,,,,,,,,,,,,,,,,,,,,,,,,,,,,,,,,,,,,,,,,,,,,,,,,,,,,,,,,,,,,,,,,,,,,,,,,,,,,,,,,,,,
215,"Spatial prediction of permafrost occurrence in Sikkim Himalayas using logistic regression, random forests, support vector machines and neural networks",1,GEOMORPHOLOGY,2020,HKH,b,b,e,b,c,f,c,,27°N - 28°N,88°E - 89°E,566 - 8384 ,,,,,,,,,,,,,,,,,,,,,,,,,,,,,,,,,,,,,,,,,,,,,,,,,,,,,,,,,,,,,,,,,,,,,,,,,,,,,,,,,,,,,,,,,,,,,,,,,,,,,,,,,,,,,,,,,,,,,,,,,,,,,,
216,Spatial-temporal trends of hydrological transitions in thermokarst lakes on Northeast Qinghai-Tibet Plateau based on stable isotopes,1,JOURNAL OF HYDROLOGY,2021,QTP (local),a,a,a,b,c,f,c,Y,34?34?41??,98?19?28?? E,4197 - 5266,thermokarst lakes,evaporation increase plus permafrost thaw facilitating thaw results in future dessication,2014 - 2016,,,,,,,,,,,,,,,,,,,,,,,4197,5266,,,,,,,,,,,,,,,,,,,,,,,,,,,,,,,,,,,,,,,,,,,,,,,,,,,,,,,,,,,,,,,,,,,,,,,,,,,,,,,,,,,,,,,,,,,,,,,,,,,
217,Spatiotemporal characteristics of hydrothermal processes of the active layer on the central and northern Qinghai-Tibet plateau,1,SCIENCE OF THE TOTAL ENVIRONMENT,2020,QTEC,a,a,c,b,c,f,c,Y,34,93,4000,MAGST,most closely related to onset of freezing and thawing,2010 - 2014,TTOP,most closely related to onset of freezing and thawing,2010 - 2014,,,,,,,,,,,,,,Soil organic matter and soil moisture are essential for ground thawing -> suggestion to preserve ecosystems to prserve permafrost,,,,,,4538,5100,35.72,94.13,4538,35.62,94.06,4753,35.22,93.08,4783,35.14,93.04,4740,34.82,92.92,4635,34.83,92.93,4656,34.39,92.66,4623,33.96,92.34,4660,33.77,92.24,4670,33.07,91.94,5100,31.82,91.74,4808,,,,,,,,,,,,,,,,,,,,,,,,,,,,,,,,,,,,,,,,,,,,,,,,,,,,,,,,,,,,,,,,,,
218,Status and change of the cryosphere in the extended Hindu Kush Himalaya region,4,THE HINDU KUSH HIMALAYA ASSESSMENT,2019,NA,,,,,,,,,,,,,,,,,,,,,,,,,,,,,,,,,,,,,,,,,,,,,,,,,,,,,,,,,,,,,,,,,,,,,,,,,,,,,,,,,,,,,,,,,,,,,,,,,,,,,,,,,,,,,,,,,,,,,,,,,,,,,,,,,,,,,,,,,
219,"Streamflow generation in semi-arid, glacier-covered, montane catchments in the upper Shule River, Qilian Mountains, northeastern Tibetan plateau",4,HYDROLOGICAL PROCESSES,2021,NA,,,,,,,,,Permafrost not discussed,,,,,,,,,,,,,,,,,,,,,,,,,,,,,,,,,,,,,,,,,,,,,,,,,,,,,,,,,,,,,,,,,,,,,,,,,,,,,,,,,,,,,,,,,,,,,,,,,,,,,,,,,,,,,,,,,,,,,,,,,,,,,,,,
220,Study of permafrost distribution in Sikkim Himalayas using Sentinel-2 satellite images and logistic regression modelling,1,GEOMORPHOLOGY,2019,HKH,a,a,b,b,c,f,c,,27° 20' N - 28°N,88°E - 88° 30'E,4000 and above,,,,,,,,,,,,,,,,,,,,,,,,,,,,,,,,,,,,,,,,,,,,,,,,,,,,,,,,,,,,,,,,,,,,,,,,,,,,,,,,,,,,,,,,,,,,,,,,,,,,,,,,,,,,,,,,,,,,,,,,,,,,,,
221,The changing thermal state of permafrost,4,NATURE REVIEWS EARTH & ENVIRONMENT,2022,NA,,,,,,,,,Not HMA relevant,,,,,,,,,,,,,,,,,,,,,,,,,,,,,,,,,,,,,,,,,,,,,,,,,,,,,,,,,,,,,,,,,,,,,,,,,,,,,,,,,,,,,,,,,,,,,,,,,,,,,,,,,,,,,,,,,,,,,,,,,,,,,,,,
222,The demise of caterpillar fungus in the Himalayan region due to climate change and overharvesting,3,PROCEEDINGS OF THE NATIONAL ACADEMY OF SCIENCES,2018,HKH,a,a,c,a,b,g,c,,Permafrost appears only in the discussion,,,,,,,,,,,,,,,,,,,,,,,,,,,,,,,,,,,,,,,,,,,,,,,,,,,,,,,,,,,,,,,,,,,,,,,,,,,,,,,,,,,,,,,,,,,,,,,,,,,,,,,,,,,,,,,,,,,,,,,,,,,,,,,,
223,The distribution and hydrological significance of rock glaciers in the Nepalese Himalaya,1,GLOBAL AND PLANETARY CHANGE,2018,HKH,a,a,a,a,a,b,c,,26°22? to 30°27?N,80°04? to 88°12?E,?4000 m a.s.l.,,,,,,,,,,,,,,,,,,,,,,,,,,,,,,,,,,,,,,,,,,,,,,,,,,,,,,,,,,,,,,,,,,,,,,,,,,,,,,,,,,,,,,,,,,,,,,,,,,,,,,,,,,,,,,,,,,,,,,,,,,,,,,
224,The hydrochemistry and water quality of glacierized catchments in Central Asia: A review of the current status and anticipated change,3,JOURNAL OF HYDROLOGY-REGIONAL STUDIES,2021,Central Asia,a,a,a,a,a,b ,c,,Permafrost appears only in the discussion,,,,,,,,,,,,,,,,,,,,,,,,,,,,,,,,,,,,,,,,,,,,,,,,,,,,,,,,,,,,,,,,,,,,,,,,,,,,,,,,,,,,,,,,,,,,,,,,,,,,,,,,,,,,,,,,,,,,,,,,,,,,,,,,
225,The joint driving effects of climate and weather changes caused the Chamoli glacier-rock avalanche in the high altitudes of the India Himalaya,2,SCIENCE CHINA-EARTH SCIENCES,2021,HKH,a,b,b,b,c,f,c,,Permafrost as potential secondray cause to the event,,,,,,,,,,,,,,,,,,,,,,,,,,,,,,,,,,,,,,,,,,,,,,,,,,,,,,,,,,,,,,,,,,,,,,,,,,,,,,,,,,,,,,,,,,,,,,,,,,,,,,,,,,,,,,,,,,,,,,,,,,,,,,,,
226,"The microbial diversity, distribution, and ecology of permafrost in China: a review",2,EXTREMOPHILES,2015,China,a,a,c,a,b,g,c,,Permafrost appears only in the discussion,,,,,,,,,,,,,,,,,,,,,,,,,,,,,,,,,,,,,,,,,,,,,,,,,,,,,,,,,,,,,,,,,,,,,,,,,,,,,,,,,,,,,,,,,,,,,,,,,,,,,,,,,,,,,,,,,,,,,,,,,,,,,,,,
227,"The prediction of permafrost change along the Qinghai–Tibet Highway, China",1,PERMAFROST AND PERIGLACIAL PROCESSES,2000,QTEC,a,a,e,b,c,f,c,Y,33.5,92,,Permafrost along the highway (only modelled),npermafrost only at highest elevations by 2100,2000 - 2100,,,,,,,,,,,,,,,,,,,,,,,,,,,,,,,,,,,,,,,,,,,,,,,,,,,,,,,,,,,,,,,,,,,,,,,,,,,,,,,,,,,,,,,,,,,,,,,,,,,,,,,,,,,,,,,,,,,,,,,,,,,
228,The role of peat on permafrost thaw based on field observations,4,CATENA,2022,NA,a,a,b,b,c,f,c,,"PT5 (38.81?N), EBoTA (38.00?N)","PT5 (99.03?E), EBoTA (100.92?E)",NA,,,,,,,,,,,,,,,,,,,,,,,,,,,,,,,,,,,,,,,,,,,,,,,,,,,,,,,,,,,,,,,,,,,,,,,,,,,,,,,,,,,,,,,,,,,,,,,,,,,,,,,,,,,,,,,,,,,,,,,,,,,,,,
229,"The surface energy balance in a cold and arid permafrost environment, Ladakh, Himalayas, India",1,THE CRYOSPHERE,2021,HKH,a,a,b,b,c,f,c,Y,34.25? N,77.62? E,4727 m a.s.l,net radiation ,(29.7 Wm^?2 ),1 September 2015 to 31 August 2017,sensible heat flux ,(?15.6 Wm^?2 ),1 September 2015 to 31 August 2017,latent heat flux ,(?11.2 Wm^?2 ) ,1 September 2015 to 31 August 2017,and ground heat flux ,(?0.5 Wm^?2 ),1 September 2015 to 31 August 2017,,,,,,,NA,NA,NA,,,,4727,,,,,,,,,,,,,,,,,,,,,,,,,,,,,,,,,,,,,,,,,,,,,,,,,,,,,,,,,,,,,,,,,,,,,,,,,,,,,,,,,,,,,,,,,,,,,,,,,,,,,
230,Thermal hazards zonation and permafrost change over the Qinghai–Tibet Plateau,1,NATURAL HAZARDS,2012,QTP,a,a,e,a,a,f,b,,NA,NA,NA,,,,,,,,,,,,,,,,,,,,,,,,,,,,,,,,,,,,,,,,,,,,,,,,,,,,,,,,,,,,,,,,,,,,,,,,,,,,,,,,,,,,,,,,,,,,,,,,,,,,,,,,,,,,,,,,,,,,,,,,,,,,,,
231,Thermal state of permafrost and active layer in Central Asia during the international polar year,1,PERMAFROST AND PERIGLACIAL PROCESSES,2010,China,a,a,b,a,a,"b,d",c,Y,Refer columns after special remarks,Refer columns after special remarks,Refer columns after special remarks,QTP-mean annual ground temperature (MAGT) at a depth of 6 m,from - 3.28C to 0.28C,1996-2009,QTP-active-layer thickness (ALT),105 and 322 cm,1996-2009,"QTP-Ground temperatures at the bottom of the active layer
the bottom of the active layer (TTOP)",0.068 C yr^-1,1996-2009,Tien Shan-increase in permafrost temperatures ,from 0.38C to 0.68C,1974 to 2009,Tien Shan-Range of present permafrost temperature ,from -0.5 C to 0.1 C,2009,Tien Shan-increase in ALT,3.2 m to 4m in 1970s and maximum of 5.2 m between 1995-2009,1970s and  1995-2009,,,human activities (increasing),Multiple locations mentioned in Tables ,,,,3325,5100,35.73,94.83,4530,35.63,94.07,4753,35.53,93.79,4560,35.4,93.53,4482,35.51,93.73,4482,35.44,93.6,4488,35.37,93.46,4520,35.29,93.27,4563,35.2,93.08,4656,35.13,93.03,4740,35.13,93.75,4707,35.13,93.04,4707,34.69,92.89,4938,34.39,92.66,4623,33.11,91.91,4960,33.08,91.94,5100,31.82,91.74,4808,43.12,86.85,3500,43.11,86.81,3900,43.04,76.94,3330,43.04,76.95,3328,43.04,76.95,3325,43.04,76.94,3330,35.62,94.07,4746,35.43,93.6,4488,35.15,93.05,4734,34.82,92.92,4656,34.73,92.9,4896,33.95,92.4,4652,33.58,92.87,4650,32.97,91.02,5100,31.82,91.73,4808,,,
232,Trends in the frozen ground temperature on the Tibetan Plateau simulated by RegCM4.7-CLM4.5,4,THEORETICAL AND APPLIED CLIMATOLOGY,2021,NA,,,,,,,,,,,,,,,,,,,,,,,,,,,,,,,,,,,,,,,,,,,,,,,,,,,,,,,,,,,,,,,,,,,,,,,,,,,,,,,,,,,,,,,,,,,,,,,,,,,,,,,,,,,,,,,,,,,,,,,,,,,,,,,,,,,,,,,,,
233,Using deep learning to map retrogressive thaw slumps in the Beiluhe region (Tibetan Plateau) from CubeSat images,1,REMOTE SENSING OF ENVIRONMENT,2020,QTP (Beiluhe),a,a,b,b,c,f,c,Y,34.69 N to 35.18 N,92.50 E to 93.51 E,4418 m to 5320 m,retrogressive thaw slumps,255 in  number,2018,average area of retrogressive thaw slumps,less than 8 hectare,2018,average perimeter of retrogressive thaw slumps,<2000m,2018,,,,,,,,,,retrogressive thaw slumps (increasing),,,,,,4680,,,34.83333334,92.91666667,4680,,,,,,,,,,,,,,,,,,,,,,,,,,,,,,,,,,,,,,,,,,,,,,,,,,,,,,,,,,,,,,,,,,,,,,,,,,,,,,,,,,,,,,,,,,,,,,,,
234,"Vegetation influence on the soil hydrological regime in permafrost regions of the Qinghai-Tibet Plateau, China",1,GEODERMA,2019,QTP (Beiluhe),a,a,"a,c",b,c,f,c,Y,34.69 N to 35.18 N,92.50 E to 93.51 E,4418 m to 5320 m,soil water content,,2016 - 2018,infiltration rate,"vegetation regulates soil infiltration, however decreases or increases it depending on baseline type of soil",,,,,,,,,,,,,,,,,,,,4680,,,34.83333334,92.91666667,4680,,,,,,,,,,,,,,,,,,,,,,,,,,,,,,,,,,,,,,,,,,,,,,,,,,,,,,,,,,,,,,,,,,,,,,,,,,,,,,,,,,,,,,,,,,,,,,,,
235,Water Flows in Rock Wall Permafrost: A Numerical Approach Coupling Hydrological and Thermal Processes,4,JOURNAL OF GEOPHYSICAL RESEARCH-EARTH SURFACE,2021,NA,,,,,,,,,,,,,,,,,,,,,,,,,,,,,,,,,,,,,,,,,,,,,,,,,,,,,,,,,,,,,,,,,,,,,,,,,,,,,,,,,,,,,,,,,,,,,,,,,,,,,,,,,,,,,,,,,,,,,,,,,,,,,,,,,,,,,,,,,
236,Permafrost Degradation on the Qinghai Tibet Plateau and its Environmental Impacts,1,PERMAFROST AND PERIGLACIAL PROCESSES,2000,QTP,a,b,e,b,c,f,c,,NA,NA,NA,,,,,,,,,,,,,,,,,,,,,,,,,,,,,,,,,,,,,,,,,,,,,,,,,,,,,,,,,,,,,,,,,,,,,,,,,,,,,,,,,,,,,,,,,,,,,,,,,,,,,,,,,,,,,,,,,,,,,,,,,,,,,,
